pakiet,wersja,bezpośredni_odbiorcy_w_grafie
accesskit_consumer,0.35.0,accesskit_windows 0.32.1
accesskit_consumer,0.36.0,accesskit_atspi_common 0.18.1
accesskit_consumer,0.38.0,accesskit_macos 0.26.3
addr2line,0.25.1,backtrace 0.3.76
addr2line,0.26.1,wasmtime 46.0.0
aes,0.8.4,aes-gcm 0.10.3; dtls 0.17.1; webrtc-srtp 0.17.1; zip 0.6.6
aes,0.9.1,tentaflow-hardware 0.1.0; zip 8.6.0
ahash,0.7.8,hashbrown 0.12.3
ahash,0.8.12,burn-core 0.21.0; cubecl-runtime 0.10.0; eframe 0.34.3; egui 0.34.3; egui-wgpu 0.34.3; egui_extras 0.34.3; epaint 0.34.3; hashbrown 0.13.2; tokenizers 0.22.2; tokenizers 0.23.2; winit 0.30.13
approx,0.3.2,rusttype 0.8.3
approx,0.5.1,cozo 0.7.6; nalgebra 0.35.0; simba 0.10.0; smartcore 0.5.0; tentaflow-slam 0.1.0
asn1-rs,0.6.2,der-parser 9.0.0; oid-registry 0.7.1; x509-parser 0.16.0
asn1-rs,0.7.1,der-parser 10.0.0; oid-registry 0.8.1; x509-parser 0.18.1
asn1-rs-derive,0.5.1,asn1-rs 0.6.2
asn1-rs-derive,0.6.0,asn1-rs 0.7.1
base16ct,0.2.0,elliptic-curve 0.13.8; sec1 0.7.3
base16ct,1.0.0,serdect 0.4.3
base64,0.13.1,gltf 1.4.1; spm_precompiled 0.1.4
base64,0.21.7,cozo 0.7.6; ron 0.8.1
base64,0.22.1,attohttpc 0.30.1; bollard 0.21.0; cel 0.13.0; chromiumoxide 0.9.1; hyper-util 0.1.20; jsonwebtoken 10.4.0; milvus-sdk-rust 0.1.0; pem 3.0.6; portmapper 0.19.3; reqwest 0.12.28; reqwest 0.13.3; stun 0.17.1; tentaflow-addon-go2 0.0.1; tentaflow-addon-sdk 0.1.0; tentaflow-addon-tentavision 0.0.1; tentaflow-cli 0.1.0; tentaflow-core 0.1.0; tentaflow-hardware 0.1.0; tentaflow-teams-bot 0.1.0; tokio-rustls-acme 0.9.0; tokio-websockets 0.13.2; tonic 0.13.1; turn 0.17.1; ureq 2.12.1; ureq 3.3.0; ureq-proto 0.6.0; wasmtime-internal-cache 46.0.0; wiremock 0.6.5
base64,0.23.1,plist 1.10.1
bincode,1.3.3,fast2s 0.3.1; swapvec 0.3.0
bincode,2.0.1,burn-core 0.21.0
bindgen,0.69.5,sherpa-rs-sys 0.6.8
bindgen,0.71.1,tracel-tblgen-rs 20.1.4-7
bindgen,0.72.1,llama-cpp-sys-2 0.1.146; tentaflow-zvec-sys 0.1.0; whisper-rs-sys 0.15.0
bit-set,0.10.0,tract-core 0.23.3
bit-set,0.8.0,antlr4rust 0.5.2; fancy-regex 0.17.0
bit-set,0.9.1,naga 29.0.1; wgpu-core 29.0.1; wgpu-hal 29.0.1
bit-vec,0.8.0,bit-set 0.8.0
bit-vec,0.9.1,bit-set 0.10.0; bit-set 0.9.1; wgpu-core 29.0.1; yasna 0.6.0
bitflags,1.3.2,concolor 0.1.1; core-graphics 0.23.2; core-graphics-types 0.1.3; nix 0.26.4; png 0.17.16; portable-pty 0.9.0; redox_syscall 0.2.16; redox_syscall 0.4.1; webrtc-util 0.17.1
bitflags,2.11.0,android-activity 0.6.1; bindgen 0.69.5; bindgen 0.71.1; bindgen 0.72.1; cairo-rs 0.18.5; calloop 0.13.0; calloop 0.14.4; cubecl-core 0.10.0; dispatch2 0.3.1; egui 0.34.3; fxprof-processed-profile 0.8.1; glib 0.18.5; glib 0.22.7; glutin 0.32.3; gpu-descriptor 0.3.2; gpu-descriptor-types 0.2.0; keyboard-types 0.7.0; libredox 0.1.14; naga 29.0.1; ndk 0.9.0; netlink-packet-route 0.31.0; netlink-packet-route 0.33.0; nix 0.28.0; nix 0.31.3; objc2-app-kit 0.2.2; objc2-app-kit 0.3.2; objc2-cloud-kit 0.2.2; objc2-core-data 0.2.2; objc2-core-foundation 0.3.2; objc2-core-graphics 0.3.2; objc2-core-wlan 0.3.2; objc2-foundation 0.2.2; objc2-foundation 0.3.2; objc2-io-surface 0.3.2; objc2-metal 0.2.2; objc2-metal 0.3.2; objc2-quartz-core 0.2.2; objc2-quartz-core 0.3.2; objc2-security 0.3.2; objc2-system-configuration 0.3.2; objc2-ui-kit 0.2.2; objc2-ui-kit 0.3.2; objc2-user-notifications 0.2.2; onig 6.5.3; pdfium-render 0.9.2; png 0.18.1; raw-cpuid 11.6.0; redox_syscall 0.5.18; redox_syscall 0.7.4; ron 0.8.1; rusqlite 0.39.0; rustix 0.38.44; rustix 1.1.4; security-framework 3.7.0; simple-dns 0.12.0; smithay-client-toolkit 0.19.2; smithay-client-toolkit 0.20.0; spirv 0.4.0+sdk-1.4.341.0; symphonia-core 0.6.0; sysctl 0.6.0; system-configuration 0.7.0; tower-http 0.6.8; wasmparser 0.239.0; wasmparser 0.251.0; wasmparser 0.252.0; wasmtime 46.0.0; wasmtime-internal-wit-bindgen 46.0.0; wasmtime-wasi 46.0.0; wayland-client 0.31.15; wayland-csd-frame 0.3.0; wayland-protocols 0.32.13; wayland-protocols-experimental 20250721.0.1; wayland-protocols-misc 0.3.12; wayland-protocols-plasma 0.3.12; wayland-protocols-wlr 0.3.12; wgpu 29.0.3; wgpu-core 29.0.1; wgpu-hal 29.0.1; wgpu-types 29.0.1; wiggle 46.0.0; winit 0.30.13; winx 0.36.4; xkbcommon-dl 0.4.2
block-buffer,0.10.4,digest 0.10.7
block-buffer,0.12.0,digest 0.11.2
block-padding,0.3.3,inout 0.1.4
block-padding,0.4.2,inout 0.2.2
block2,0.5.1,objc2-app-kit 0.2.2; objc2-cloud-kit 0.2.2; objc2-contacts 0.2.2; objc2-core-data 0.2.2; objc2-core-image 0.2.2; objc2-core-location 0.2.2; objc2-foundation 0.2.2; objc2-link-presentation 0.2.2; objc2-metal 0.2.2; objc2-quartz-core 0.2.2; objc2-ui-kit 0.2.2; objc2-uniform-type-identifiers 0.2.2; objc2-user-notifications 0.2.2; winit 0.30.13
block2,0.6.2,dispatch2 0.3.1; netdev 0.45.0; netdev 0.46.2; objc2-core-foundation 0.3.2; objc2-foundation 0.3.2; objc2-metal 0.3.2; wgpu-hal 29.0.1
bzip2,0.4.4,sherpa-rs-sys 0.6.8; zip 0.6.6
bzip2,0.6.1,zip 8.6.0
calloop,0.13.0,calloop-wayland-source 0.3.0; smithay-client-toolkit 0.19.2; winit 0.30.13
calloop,0.14.4,calloop-wayland-source 0.4.1; smithay-client-toolkit 0.20.0
calloop-wayland-source,0.3.0,smithay-client-toolkit 0.19.2
calloop-wayland-source,0.4.1,smithay-client-toolkit 0.20.0
cfg-expr,0.15.8,system-deps 6.2.2
cfg-expr,0.17.2,system-deps 7.0.8
cfg_aliases,0.1.1,nix 0.28.0
cfg_aliases,0.2.2,cubecl-common 0.10.0; cubecl-runtime 0.10.0; cubecl-wgpu 0.10.0; glutin 0.32.3; glutin-winit 0.5.0; iroh 1.1.0; iroh-dns 1.1.0; iroh-relay 1.1.0; macerator 0.3.3; n0-future 0.3.2; naga 29.0.1; netwatch 0.19.3; nix 0.31.3; noq 1.2.0; noq-udp 1.2.0; quinn 0.11.9; quinn-udp 0.5.14; wgpu 29.0.3; wgpu-core 29.0.1; wgpu-hal 29.0.1; winit 0.30.13
chacha20,0.10.0,rand 0.10.1
chacha20,0.9.1,chacha20poly1305 0.10.1
chrono-tz,0.10.4,tentaflow-core 0.1.0
chrono-tz,0.8.6,cozo 0.7.6
cipher,0.4.4,aes 0.8.4; aes-gcm 0.10.3; cbc 0.1.2; ccm 0.5.0; chacha20 0.9.1; chacha20poly1305 0.10.1; ctr 0.9.2
cipher,0.5.2,aes 0.9.1; ecb 0.2.0
const-oid,0.10.2,der 0.8.0; digest 0.11.2
const-oid,0.9.6,der 0.7.10; digest 0.10.7; rsa 0.9.10
constant_time_eq,0.1.5,zip 0.6.6
constant_time_eq,0.4.2,blake3 1.8.5; zip 8.6.0
convert_case,0.10.0,derive_more-impl 2.1.1
convert_case,0.8.0,tracel-mlir-rs-macros 20.1.4-7
core-foundation,0.10.1,rustls-platform-verifier 0.7.0; security-framework 3.7.0; tentaflow-core 0.1.0
core-foundation,0.9.4,core-graphics 0.23.2; core-graphics-types 0.1.3; system-configuration 0.7.0; winit 0.30.13
cpufeatures,0.2.17,aes 0.8.4; argon2 0.5.3; chacha20 0.9.1; curve25519-dalek 4.1.3; poly1305 0.8.0; polyval 0.6.2; sha1 0.10.6; sha2 0.10.9
cpufeatures,0.3.0,aes 0.9.1; blake3 1.8.5; chacha20 0.10.0; curve25519-dalek 5.0.0-rc.0; sha1 0.11.0; sha2 0.11.0
crypto-common,0.1.7,aead 0.5.2; cipher 0.4.4; digest 0.10.7; universal-hash 0.5.1
crypto-common,0.2.2,cipher 0.5.2; digest 0.11.2
curve25519-dalek,4.1.3,ed25519-dalek 2.2.0; x25519-dalek 2.0.1
curve25519-dalek,5.0.0-rc.0,ed25519-dalek 3.0.0-rc.0; iroh-base 1.1.0
darling,0.20.11,derive_builder_core 0.20.2; macerator-macros 0.1.5
darling,0.21.3,enumset_derive 0.15.0
darling,0.23.0,bon-macros 3.9.3; cubecl-macros 0.10.0; cubecl-macros-internal 0.10.0
darling_core,0.20.11,darling 0.20.11; darling_macro 0.20.11
darling_core,0.21.3,darling 0.21.3; darling_macro 0.21.3
darling_core,0.23.0,darling 0.23.0; darling_macro 0.23.0
darling_macro,0.20.11,darling 0.20.11
darling_macro,0.21.3,darling 0.21.3
darling_macro,0.23.0,darling 0.23.0
dashmap,5.5.3,milvus-sdk-rust 0.1.0
dashmap,6.2.1,fjall 3.1.5; iroh-relay 1.1.0; tentaflow-core 0.1.0
der,0.7.10,ecdsa 0.16.9; pkcs1 0.7.5; pkcs8 0.10.2; sec1 0.7.3; spki 0.7.3
der,0.8.0,pkcs8 0.11.0; spki 0.8.0
der-parser,10.0.0,x509-parser 0.18.1
der-parser,9.0.0,dtls 0.17.1; x509-parser 0.16.0
derive_more,0.99.20,genpdf 0.2.0
derive_more,2.1.1,cubecl-common 0.10.0; cubecl-core 0.10.0; cubecl-ir 0.10.0; cubecl-runtime 0.10.0; cubecl-wgpu 0.10.0; iroh 1.1.0; iroh-base 1.1.0; iroh-dns 1.1.0; iroh-mainline-address-lookup 0.5.0; iroh-mdns-address-lookup 0.5.0; iroh-relay 1.1.0; n0-future 0.3.2; n0-watcher 1.0.0; netwatch 0.19.3; noq 1.2.0; noq-proto 1.2.0; portmapper 0.19.3
digest,0.10.7,blake2 0.10.6; curve25519-dalek 4.1.3; ecdsa 0.16.9; elliptic-curve 0.13.8; hmac 0.12.1; md-5 0.10.6; pbkdf2 0.11.0; rsa 0.9.10; sha1 0.10.6; sha2 0.10.9; signature 2.2.0
digest,0.11.2,curve25519-dalek 5.0.0-rc.0; hmac 0.13.0; md-5 0.11.0; pbkdf2 0.13.0; sha1 0.11.0; sha2 0.11.0
dirs,5.0.1,sherpa-rs-sys 0.6.8
dirs,6.0.0,cubecl-common 0.10.0; cubecl-runtime 0.10.0; hf-hub 0.5.0; tentaflow-core 0.1.0; tentaflow-desktop-core 0.1.0; tentaflow-mobile 0.1.0; tracel-llvm-bundler 20.1.4-7; tray-icon 0.19.3
dirs-sys,0.4.1,dirs 5.0.1
dirs-sys,0.5.0,dirs 6.0.0
downcast-rs,1.2.1,portable-pty 0.9.0; wayland-backend 0.3.17
downcast-rs,2.0.2,tract-core 0.23.3; tract-data 0.23.3; tract-linalg 0.23.3; tract-pulse 0.23.3; tract-pulse-opl 0.23.3
ed25519,2.2.3,ed25519-dalek 2.2.0
ed25519,3.0.0,ed25519-dalek 3.0.0-rc.0
ed25519-dalek,2.2.0,jsonwebtoken 10.4.0; tentaflow-cli 0.1.0; tentaflow-core 0.1.0; tentaflow-protocol-wasm 0.1.0; tentaflow-sdk-spec 0.1.0
ed25519-dalek,3.0.0-rc.0,iroh 1.1.0; iroh-base 1.1.0; n0-mainline 0.6.0
embedded-hal,0.2.7,embassy-time 0.5.1
embedded-hal,1.0.0,embassy-time 0.5.1; embedded-hal-async 1.0.0
embedded-io,0.4.0,postcard 1.1.3
embedded-io,0.6.1,postcard 1.1.3
fiat-crypto,0.2.9,curve25519-dalek 4.1.3
fiat-crypto,0.3.0,curve25519-dalek 5.0.0-rc.0
fixedbitset,0.4.2,petgraph 0.6.5
fixedbitset,0.5.7,petgraph 0.8.3
foldhash,0.1.5,hashbrown 0.15.5
foldhash,0.2.0,cubecl-ir 0.10.0; hashbrown 0.16.1; hashbrown 0.17.0
getrandom,0.2.17,ahash 0.7.8; const-random-macro 0.1.16; jsonwebtoken 10.4.0; rand_core 0.6.4; redox_users 0.4.6; redox_users 0.5.2; ring 0.17.14
getrandom,0.3.4,ahash 0.8.12; jobserver 0.1.34; quinn-proto 0.11.14; rand_core 0.9.5; tokenizers 0.22.2; tokenizers 0.23.2
getrandom,0.4.3,iroh 1.1.0; iroh-base 1.1.0; iroh-relay 1.1.0; noq-proto 1.2.0; rand 0.10.1; tempfile 3.27.0; tentaflow-core 0.1.0; tentaflow-protocol-wasm 0.1.0; tentaflow-sdk-spec 0.1.0; tentaflow-voxel-wasm 0.1.0; tokio-websockets 0.13.2; tract-onnx-opl 0.23.3; uuid 1.23.3; zip 8.6.0
gimli,0.32.3,addr2line 0.25.1
gimli,0.33.0,addr2line 0.26.1; cranelift-codegen 0.133.0; wasmtime 46.0.0; wasmtime-environ 46.0.0; wasmtime-internal-cranelift 46.0.0
gio-sys,0.18.1,gdk-pixbuf-sys 0.18.0; gdk-sys 0.18.2; gio 0.18.4; glib 0.18.5; gtk-sys 0.18.2
gio-sys,0.22.0,glib 0.22.7
glam,0.30.10,nalgebra 0.35.0
glam,0.31.1,nalgebra 0.35.0
glam,0.32.1,nalgebra 0.35.0
glam,0.33.1,nalgebra 0.35.0; tentaflow-voxel-wasm 0.1.0
glib,0.18.5,atk 0.18.2; cairo-rs 0.18.5; gdk 0.18.2; gdk-pixbuf 0.18.5; gio 0.18.4; gtk 0.18.2; libappindicator 0.9.0; pango 0.18.3
glib,0.22.7,gstreamer 0.25.2; gstreamer-app 0.25.2; gstreamer-base 0.25.2; gstreamer-video 0.25.3
glib-macros,0.18.5,glib 0.18.5
glib-macros,0.22.6,glib 0.22.7
glib-sys,0.18.1,atk-sys 0.18.2; cairo-sys-rs 0.18.2; gdk-pixbuf-sys 0.18.0; gdk-sys 0.18.2; gio-sys 0.18.1; glib 0.18.5; gobject-sys 0.18.0; gtk-sys 0.18.2; pango-sys 0.18.0
glib-sys,0.22.6,gio-sys 0.22.0; glib 0.22.7; gobject-sys 0.22.6; gstreamer-app-sys 0.25.0; gstreamer-base-sys 0.25.0; gstreamer-sys 0.25.2; gstreamer-video-sys 0.25.3
gobject-sys,0.18.0,atk-sys 0.18.2; gdk-pixbuf-sys 0.18.0; gdk-sys 0.18.2; gio-sys 0.18.1; glib 0.18.5; gtk-sys 0.18.2; pango-sys 0.18.0
gobject-sys,0.22.6,gio-sys 0.22.0; glib 0.22.7; gstreamer-base-sys 0.25.0; gstreamer-sys 0.25.2; gstreamer-video-sys 0.25.3
hashbrown,0.12.3,fast2s 0.3.1; indexmap 1.9.3; oq3_semantics 0.7.0
hashbrown,0.13.2,text_placeholder 0.5.1
hashbrown,0.14.5,dashmap 5.5.3; dashmap 6.2.1; jieba-rs 0.6.8; rowan 0.15.15
hashbrown,0.15.5,gpu-descriptor 0.3.2; petgraph 0.8.3; string-interner 0.19.0
hashbrown,0.16.1,accesskit_consumer 0.35.0; accesskit_consumer 0.36.0; accesskit_consumer 0.38.0; accesskit_macos 0.26.3; accesskit_windows 0.32.1; burn-autodiff 0.21.0; burn-backend 0.21.0; burn-core 0.21.0; burn-cubecl-fusion 0.21.0; burn-fusion 0.21.0; burn-ir 0.21.0; burn-optim 0.21.0; burn-router 0.21.0; burn-store 0.21.0; cubecl-common 0.10.0; cubecl-core 0.10.0; cubecl-ir 0.10.0; cubecl-runtime 0.10.0; cubecl-wgpu 0.10.0; gimli 0.33.0; gpu-allocator 0.28.0; hashlink 0.11.0; naga 29.0.1; quick_cache 0.6.22; rsqlite-vfs 0.1.0; safetensors 0.7.0; string-interner 0.20.0; vello_common 0.0.6; vello_cpu 0.0.6; wgpu 29.0.3; wgpu-core 29.0.1; wgpu-hal 29.0.1
hashbrown,0.17.0,cranelift-codegen 0.133.0; cranelift-frontend 0.133.0; indexmap 2.14.0; lru 0.18.0; object 0.39.1; regalloc2 0.15.1; rkyv 0.8.16; wasmparser 0.251.0; wasmtime-environ 46.0.0; wasmtime-internal-core 46.0.0; wit-parser 0.251.0
heck,0.4.1,glib-macros 0.18.5; strum_macros 0.24.3
heck,0.5.0,cbindgen 0.29.4; chromiumoxide_pdl 0.9.1; clap_derive 4.6.1; cranelift-codegen-meta 0.133.0; enum-as-inner 0.6.1; glib-macros 0.22.6; iroh-metrics-derive 1.0.1; prost-build 0.13.5; prost-build 0.14.4; strum_macros 0.28.0; system-deps 6.2.2; system-deps 7.0.8; wasm-compose 0.251.0; wasmtime-internal-wit-bindgen 46.0.0; wiggle-generate 46.0.0
hkdf,0.12.4,elliptic-curve 0.13.8
hkdf,0.13.0,tentaflow-core 0.1.0
hmac,0.12.1,dtls 0.17.1; hkdf 0.12.4; jsonwebtoken 10.4.0; pbkdf2 0.11.0; rfc6979 0.4.0; webrtc-srtp 0.17.1; zip 0.6.6
hmac,0.13.0,hkdf 0.13.0; pbkdf2 0.13.0; tentaflow-core 0.1.0; zip 8.6.0
indexmap,1.9.3,priority-queue 1.4.0
indexmap,2.14.0,cbindgen 0.29.4; cookie_store 0.22.1; gimli 0.33.0; h2 0.4.15; naga 29.0.1; object 0.39.1; oq3_syntax 0.7.0; petgraph 0.6.5; petgraph 0.8.3; plist 1.10.1; protobuf-parse 3.7.2; rkyv 0.8.16; serde_json 1.0.150; serde_yaml_ng 0.10.0; toml 0.9.12+spec-1.1.0; toml 1.1.2+spec-1.1.0; toml_edit 0.19.15; toml_edit 0.20.2; toml_edit 0.25.4+spec-1.1.0; tower 0.5.3; wasm-compose 0.251.0; wasmparser 0.239.0; wasmparser 0.251.0; wasmparser 0.252.0; wasmtime-environ 46.0.0; wasmtime-internal-wit-bindgen 46.0.0; wgpu-core 29.0.1; wit-parser 0.251.0; zip 7.2.0; zip 8.6.0
inout,0.1.4,cipher 0.4.4
inout,0.2.2,cipher 0.5.2
itertools,0.10.5,oq3_syntax 0.7.0
itertools,0.12.1,bindgen 0.69.5; cozo 0.7.6
itertools,0.13.0,bindgen 0.71.1; bindgen 0.72.1; criterion 0.8.2; criterion-plot 0.8.2
itertools,0.14.0,cubecl-cpp 0.10.0; gstreamer 0.25.2; pdfium-render 0.9.2; prost-build 0.13.5; prost-build 0.14.4; prost-derive 0.13.5; prost-derive 0.14.4; rav1e 0.8.1; rayon-cond 0.4.0; tokenizers 0.22.2; tokenizers 0.23.2; tract-data 0.23.3; wasmtime-internal-cranelift 46.0.0
itoa,0.4.8,lopdf 0.26.0
itoa,1.0.17,axum 0.8.9; compact_str 0.9.1; csv 1.4.0; http 1.4.0; hyper 1.10.1; iroh-metrics 1.0.1; serde_json 1.0.150; serde_path_to_error 0.1.20; serde_urlencoded 0.7.1; serde_yaml_ng 0.10.0; time 0.3.47
jni,0.21.1,netdev 0.45.0; netdev 0.46.2; tentaflow-mobile 0.1.0
jni,0.22.4,android-activity 0.6.1; hickory-net 0.26.1; hickory-proto 0.26.1; hickory-resolver 0.26.1; rustls-platform-verifier 0.7.0; webbrowser 1.2.4
jni-sys,0.3.0,jni 0.21.1; ndk 0.9.0; ndk-sys 0.6.0+11769913
jni-sys,0.4.1,jni 0.22.4
libloading,0.7.4,libappindicator-sys 0.9.0
libloading,0.8.9,ash 0.38.0+1.3.281; clang-sys 1.8.1; dlib 0.5.3; glutin 0.32.3; khronos-egl 6.0.0; wgpu-hal 29.0.1; x11rb 0.13.2
libloading,0.9.0,cudarc 0.19.9; ort 2.0.0-rc.12; pdfium-render 0.9.2; tentaflow 0.1.0-beta; tentaflow-core 0.1.0; tentaflow-desktop-macos 0.1.0
linux-raw-sys,0.12.1,rustix 1.1.4
linux-raw-sys,0.4.15,rustix 0.38.44
lz4_flex,0.10.0,swapvec 0.3.0
lz4_flex,0.13.1,fjall 3.1.5; lsm-tree 3.1.5; tentaflow-addon-go2 0.0.1; tentaflow-bus 0.1.0; tentaflow-core 0.1.0; tentaflow-protocol-wasm 0.1.0; tentaflow-sdk-spec 0.1.0; tentaflow-slam 0.1.0
md-5,0.10.6,stun 0.17.1; turn 0.17.1
md-5,0.11.0,tentaflow-hardware 0.1.0
memoffset,0.7.1,nix 0.26.4
memoffset,0.9.1,egui_glow 0.34.3; field-offset 0.3.6; rowan 0.15.15; uds_windows 1.2.1
miniz_oxide,0.7.4,swapvec 0.3.0
miniz_oxide,0.8.9,backtrace 0.3.76; exr 1.74.0; flate2 1.1.9; png 0.17.16; png 0.18.1
nb,0.1.3,embedded-hal 0.2.7
nb,1.1.0,nb 0.1.3
ndarray,0.15.6,cozo 0.7.6
ndarray,0.16.1,tch 0.22.0
ndarray,0.17.2,burn-ndarray 0.21.0; burn-vision 0.21.0; ort 2.0.0-rc.12; tentaflow-core 0.1.0; tract-core 0.23.3; tract-data 0.23.3
netdev,0.45.0,netwatch 0.19.3; tentaflow-core 0.1.0
netdev,0.46.2,netwatch 0.19.3
netlink-packet-core,0.8.1,netdev 0.45.0; netlink-packet-route 0.31.0; netlink-proto 0.12.0; netwatch 0.19.3
netlink-packet-core,0.9.0,netdev 0.46.2; netlink-packet-route 0.33.0
netlink-packet-route,0.31.0,netdev 0.45.0; netwatch 0.19.3
netlink-packet-route,0.33.0,netdev 0.46.2
netlink-sys,0.8.8,netdev 0.45.0; netlink-proto 0.12.0; netwatch 0.19.3
netlink-sys,0.9.0,netdev 0.46.2
nix,0.26.4,webrtc-util 0.17.1
nix,0.28.0,portable-pty 0.9.0
nix,0.31.3,ctrlc 3.5.2
nom,7.1.3,asn1-rs 0.6.2; asn1-rs 0.7.1; cel 0.13.0; cexpr 0.6.0; der-parser 10.0.0; der-parser 9.0.0; rusticata-macros 4.1.0; spm_precompiled 0.1.4; x509-parser 0.16.0; x509-parser 0.18.1
nom,8.0.0,av1-grain 0.2.5; nom-language 0.1.0; tract-data 0.23.3; tract-nnef 0.23.3; tynm 0.2.0
objc2,0.5.2,accesskit_macos 0.26.3; block2 0.5.1; muda 0.15.3; objc2-app-kit 0.2.2; objc2-cloud-kit 0.2.2; objc2-contacts 0.2.2; objc2-core-data 0.2.2; objc2-core-image 0.2.2; objc2-core-location 0.2.2; objc2-foundation 0.2.2; objc2-link-presentation 0.2.2; objc2-metal 0.2.2; objc2-quartz-core 0.2.2; objc2-symbols 0.2.2; objc2-ui-kit 0.2.2; objc2-uniform-type-identifiers 0.2.2; objc2-user-notifications 0.2.2; winit 0.30.13
objc2,0.6.4,arboard 3.6.1; block2 0.6.2; dispatch2 0.3.1; eframe 0.34.3; egui-winit 0.34.3; glutin 0.32.3; netdev 0.45.0; objc2-app-kit 0.3.2; objc2-core-foundation 0.3.2; objc2-core-graphics 0.3.2; objc2-core-wlan 0.3.2; objc2-foundation 0.3.2; objc2-io-surface 0.3.2; objc2-metal 0.3.2; objc2-open-directory 0.3.2; objc2-quartz-core 0.3.2; objc2-security 0.3.2; objc2-security-foundation 0.3.2; objc2-system-configuration 0.3.2; objc2-ui-kit 0.3.2; raw-window-metal 1.1.0; tray-icon 0.19.3; webbrowser 1.2.4; wgpu-hal 29.0.1
objc2-app-kit,0.2.2,accesskit_macos 0.26.3; muda 0.15.3; objc2-link-presentation 0.2.2; winit 0.30.13
objc2-app-kit,0.3.2,arboard 3.6.1; eframe 0.34.3; glutin 0.32.3; tray-icon 0.19.3; webbrowser 1.2.4
objc2-foundation,0.2.2,accesskit_macos 0.26.3; muda 0.15.3; objc2-app-kit 0.2.2; objc2-cloud-kit 0.2.2; objc2-contacts 0.2.2; objc2-core-data 0.2.2; objc2-core-image 0.2.2; objc2-core-location 0.2.2; objc2-link-presentation 0.2.2; objc2-metal 0.2.2; objc2-quartz-core 0.2.2; objc2-symbols 0.2.2; objc2-ui-kit 0.2.2; objc2-uniform-type-identifiers 0.2.2; objc2-user-notifications 0.2.2; winit 0.30.13
objc2-foundation,0.3.2,arboard 3.6.1; eframe 0.34.3; egui-winit 0.34.3; glutin 0.32.3; netdev 0.45.0; objc2-app-kit 0.3.2; objc2-core-wlan 0.3.2; objc2-metal 0.3.2; objc2-open-directory 0.3.2; objc2-quartz-core 0.3.2; objc2-security-foundation 0.3.2; objc2-ui-kit 0.3.2; raw-window-metal 1.1.0; tray-icon 0.19.3; webbrowser 1.2.4; wgpu-hal 29.0.1
objc2-metal,0.2.2,objc2-core-image 0.2.2; objc2-quartz-core 0.2.2
objc2-metal,0.3.2,objc2-quartz-core 0.3.2; wgpu-hal 29.0.1
objc2-quartz-core,0.2.2,objc2-app-kit 0.2.2; objc2-ui-kit 0.2.2
objc2-quartz-core,0.3.2,raw-window-metal 1.1.0; wgpu-hal 29.0.1
objc2-ui-kit,0.2.2,winit 0.30.13
objc2-ui-kit,0.3.2,egui-winit 0.34.3
object,0.37.3,backtrace 0.3.76
object,0.39.1,wasmtime 46.0.0; wasmtime-environ 46.0.0; wasmtime-internal-cranelift 46.0.0; wasmtime-internal-jit-debug 46.0.0; wasmtime-internal-unwinder 46.0.0
oid-registry,0.7.1,x509-parser 0.16.0
oid-registry,0.8.1,x509-parser 0.18.1
ordered-float,1.1.1,rusttype 0.8.3
ordered-float,4.6.0,cozo 0.7.6
ordered-float,5.3.0,smartcore 0.5.0; wgpu-hal 29.0.1
parking_lot,0.11.2,sled 0.34.7
parking_lot,0.12.5,acto 0.8.2; antlr4rust 0.5.2; arboard 3.6.1; burn-autodiff 0.21.0; cubecl-common 0.10.0; dhat 0.3.3; eframe 0.34.3; epaint 0.34.3; hickory-resolver 0.26.1; moka 0.12.15; r2d2 0.8.10; scheduled-thread-pool 0.2.7; string_cache 0.8.9; tentaflow 0.1.0-beta; tentaflow-bus 0.1.0; tentaflow-client-native 0.1.0; tentaflow-coding-agent-bridge 0.1.0; tentaflow-core 0.1.0; tentaflow-teams-bot 0.1.0; tentaflow-transport 0.1.0; tokio 1.52.3; tract-data 0.23.3; wgpu 29.0.3; wgpu-core 29.0.1; wgpu-hal 29.0.1
parking_lot_core,0.8.6,parking_lot 0.11.2
parking_lot_core,0.9.12,dashmap 5.5.3; dashmap 6.2.1; parking_lot 0.12.5
password-hash,0.4.2,pbkdf2 0.11.0
password-hash,0.5.0,argon2 0.5.3
pastey,0.1.1,av-scenechange 0.14.1
pastey,0.2.3,cel 0.13.0; gstreamer 0.25.2; option-operations 0.6.1; tract-core 0.23.3; tract-linalg 0.23.3
pbkdf2,0.11.0,zip 0.6.6
pbkdf2,0.13.0,zip 8.6.0
pem-rfc7468,0.7.0,der 0.7.10; elliptic-curve 0.13.8
pem-rfc7468,1.0.0,der 0.8.0
petgraph,0.6.5,prost-build 0.13.5; wasm-compose 0.251.0
petgraph,0.8.3,cubecl-opt 0.10.0; prost-build 0.14.4
phf,0.10.1,markup5ever 0.11.0
phf,0.11.3,chrono-tz 0.8.6; chrono-tz-build 0.2.1; jieba-rs 0.6.8; mime_guess2 2.3.1
phf,0.12.1,chrono-tz 0.10.4
phf,0.13.1,accesskit_atspi_common 0.18.1
phf_codegen,0.10.0,markup5ever 0.11.0
phf_codegen,0.11.3,chrono-tz-build 0.2.1; jieba-rs 0.6.8
phf_generator,0.10.0,phf_codegen 0.10.0
phf_generator,0.11.3,phf_codegen 0.11.3; phf_macros 0.11.3; string_cache_codegen 0.5.4
phf_generator,0.13.1,phf_macros 0.13.1
phf_macros,0.11.3,phf 0.11.3
phf_macros,0.13.1,phf 0.13.1
phf_shared,0.10.0,phf 0.10.1; phf_codegen 0.10.0; phf_generator 0.10.0
phf_shared,0.11.3,mime_guess2 2.3.1; phf 0.11.3; phf_codegen 0.11.3; phf_generator 0.11.3; phf_macros 0.11.3; string_cache 0.8.9; string_cache_codegen 0.5.4
phf_shared,0.12.1,phf 0.12.1
phf_shared,0.13.1,phf 0.13.1; phf_generator 0.13.1; phf_macros 0.13.1
pkcs8,0.10.2,ed25519 2.2.3; elliptic-curve 0.13.8; pkcs1 0.7.5; rsa 0.9.10; sec1 0.7.3
pkcs8,0.11.0,ed25519 3.0.0
png,0.17.16,muda 0.15.3; tray-icon 0.19.3
png,0.18.1,image 0.25.10
prettyplease,0.1.25,rust-format 0.3.4
prettyplease,0.2.37,bindgen 0.69.5; bindgen 0.71.1; bindgen 0.72.1; bon-macros 3.9.3; cubecl-macros 0.10.0; prost-build 0.13.5; prost-build 0.14.4; tonic-build 0.13.1
proc-macro-crate,1.3.1,gtk3-macros 0.18.2
proc-macro-crate,2.0.2,glib-macros 0.18.5
proc-macro-crate,3.5.0,num_enum_derive 0.7.5; zbus_macros 5.19.0; zvariant_derive 5.15.0
prost,0.13.5,milvus-sdk-rust 0.1.0; prost-build 0.13.5; prost-types 0.13.5; tonic 0.13.1
prost,0.14.4,prost-build 0.14.4; prost-types 0.14.4; tentaflow-voice 0.1.0; tract-onnx 0.23.3
prost-build,0.13.5,tonic-build 0.13.1
prost-build,0.14.4,tentaflow-voice 0.1.0
prost-derive,0.13.5,prost 0.13.5
prost-derive,0.14.4,prost 0.14.4
prost-types,0.13.5,prost-build 0.13.5; tonic-build 0.13.1
prost-types,0.14.4,prost-build 0.14.4
quick-xml,0.36.2,tentaflow-core 0.1.0
quick-xml,0.39.2,calamine 0.35.0
quick-xml,0.41.0,wayland-scanner 0.31.11
quick-xml,0.42.0,plist 1.10.1
r-efi,5.3.0,getrandom 0.3.4
r-efi,6.0.0,getrandom 0.4.3
rand,0.10.1,burn-backend 0.21.0; burn-core 0.21.0; burn-ndarray 0.21.0; cubecl-common 0.10.0; cubek-random 0.2.0; hickory-net 0.26.1; hickory-proto 0.26.1; hickory-resolver 0.26.1; igd-next 0.17.0; iroh 1.1.0; iroh-base 1.1.0; iroh-dns 1.1.0; iroh-relay 1.1.0; n0-mainline 0.6.0; noq-proto 1.2.0; portmapper 0.19.3; rand_distr 0.6.0; smartcore 0.5.0; swarm-discovery 0.6.1; tentaflow-cli 0.1.0; tentaflow-core 0.1.0; tentaflow-hardware 0.1.0; tentaflow-quantum 0.1.0; tokio-websockets 0.13.2; tract-onnx-opl 0.23.3; uuid 1.23.3; wasmtime-wasi 46.0.0
rand,0.8.5,cozo 0.7.6; jsonwebtoken 10.4.0; num-bigint-dig 0.8.6; phf_generator 0.10.0; phf_generator 0.11.3; tch 0.22.0; twox-hash 1.6.3
rand,0.9.2,candle-core 0.10.2; dtls 0.17.1; float8 0.7.0; half 2.7.1; hf-hub 0.5.0; interceptor 0.17.1; quinn-proto 0.11.14; rand_distr 0.5.1; rav1e 0.8.1; rtp 0.17.1; sdp 0.17.1; stun 0.17.1; tokenizers 0.22.2; tokenizers 0.23.2; tungstenite 0.28.0; tungstenite 0.29.0; turn 0.17.1; webrtc 0.17.1; webrtc-ice 0.17.1; webrtc-media 0.17.1; webrtc-sctp 0.17.1; webrtc-util 0.17.1
rand_chacha,0.3.1,rand 0.8.5
rand_chacha,0.9.0,rand 0.9.2; rav1e 0.8.1
rand_core,0.10.1,chacha20 0.10.0; curve25519-dalek 5.0.0-rc.0; ed25519-dalek 3.0.0-rc.0; getrandom 0.4.3; rand 0.10.1; rand_pcg 0.10.2
rand_core,0.6.4,crypto-bigint 0.5.5; crypto-common 0.1.7; dtls 0.17.1; elliptic-curve 0.13.8; ff 0.13.1; group 0.13.0; password-hash 0.4.2; password-hash 0.5.0; rand 0.8.5; rand_chacha 0.3.1; rsa 0.9.10; signature 2.2.0; x25519-dalek 2.0.1
rand_core,0.9.5,rand 0.9.2; rand_chacha 0.9.0
rand_distr,0.5.1,candle-core 0.10.2; float8 0.7.0; half 2.7.1
rand_distr,0.6.0,burn-backend 0.21.0; tentaflow-core 0.1.0; tract-onnx-opl 0.23.3
rcgen,0.13.2,dtls 0.17.1; webrtc 0.17.1
rcgen,0.14.8,iroh-relay 1.1.0; tentaflow-core 0.1.0; tokio-rustls-acme 0.9.0
redox_syscall,0.2.16,parking_lot_core 0.8.6
redox_syscall,0.4.1,winit 0.30.13
redox_syscall,0.5.18,parking_lot_core 0.9.12
redox_syscall,0.7.4,libredox 0.1.14
redox_users,0.4.6,dirs-sys 0.4.1; dirs-sys-next 0.1.2
redox_users,0.5.2,dirs-sys 0.5.0
reqwest,0.12.28,hf-hub 0.5.0; tokio-rustls-acme 0.9.0; tracel-llvm-bundler 20.1.4-7
reqwest,0.13.3,chromiumoxide 0.9.1; forge-cli 0.1.0; forge-server 0.1.0; iroh 1.1.0; iroh-metrics 1.0.1; iroh-relay 1.1.0; tentaflow 0.1.0-beta; tentaflow-core 0.1.0; tentaflow-sidecar 0.1.0
rustc-hash,1.1.0,bindgen 0.69.5; cozo 0.7.6; dhat 0.3.3; naga 29.0.1; oq3_syntax 0.7.0; rowan 0.15.15; wgpu-core 29.0.1
rustc-hash,2.1.2,bindgen 0.71.1; bindgen 0.72.1; cranelift-codegen 0.133.0; fxprof-processed-profile 0.8.1; iroh 1.1.0; lsm-tree 3.1.5; noq 1.2.0; noq-proto 1.2.0; quinn 0.11.9; quinn-proto 0.11.14; regalloc2 0.15.1; tentaflow-bus 0.1.0; tentaflow-core 0.1.0; type-map 0.5.1
rustc_version,0.2.3,stdweb 0.4.20
rustc_version,0.4.1,acto 0.8.2; async_io_stream 0.3.3; crc32c 0.6.8; curve25519-dalek 4.1.3; curve25519-dalek 5.0.0-rc.0; derive_more-impl 2.1.1; field-offset 0.3.6; jni-macros 0.22.4; macerator 0.3.3; pharos 0.5.3; simd_cesu8 1.1.1; ws_stream_wasm 0.7.5
rustix,0.38.44,calloop 0.13.0; calloop-wayland-source 0.3.0; smithay-client-toolkit 0.19.2; which 4.4.2; winit 0.30.13
rustix,1.1.4,async-io 2.6.0; async-process 2.5.0; async-signal 0.2.14; calloop 0.14.4; calloop-wayland-source 0.4.1; cap-net-ext 3.4.5; cap-primitives 3.4.5; cap-std 3.4.5; cap-time-ext 3.4.5; fs-set-times 0.20.3; gethostname 1.1.0; memfd 0.6.5; polling 3.11.0; rustix-linux-procfs 0.1.1; smithay-client-toolkit 0.20.0; tempfile 3.27.0; wasmtime 46.0.0; wasmtime-internal-cache 46.0.0; wasmtime-internal-fiber 46.0.0; wasmtime-internal-jit-debug 46.0.0; wasmtime-wasi 46.0.0; wayland-backend 0.3.17; wayland-client 0.31.15; wayland-cursor 0.31.14; x11rb 0.13.2; xattr 1.6.1; zbus 5.19.0
safetensors,0.3.3,tch 0.22.0
safetensors,0.7.0,burn-store 0.21.0; candle-core 0.10.2; tract-nnef 0.23.3
semver,0.9.0,rustc_version 0.2.3
semver,1.0.28,rustc_version 0.4.1; tentaflow-core 0.1.0; wasmparser 0.251.0; wasmparser 0.252.0; wasmtime 46.0.0; wasmtime-environ 46.0.0; whisper-rs-sys 0.15.0; wit-parser 0.251.0
serde_spanned,0.6.9,toml 0.8.2; toml_edit 0.20.2
serde_spanned,1.1.1,toml 0.9.12+spec-1.1.0; toml 1.1.2+spec-1.1.0
sha1,0.10.6,dtls 0.17.1; tungstenite 0.28.0; tungstenite 0.29.0; webrtc-srtp 0.17.1; zip 0.6.6
sha1,0.11.0,iroh-relay 1.1.0; tentaflow-core 0.1.0; zip 8.6.0
sha1,0.6.1,stdweb-internal-macros 0.2.9
sha2,0.10.9,cozo 0.7.6; cranelift-codegen 0.133.0; dtls 0.17.1; ed25519-dalek 2.2.0; jsonwebtoken 10.4.0; lzma-rust2 0.16.2; p256 0.13.2; p384 0.13.1; pbkdf2 0.11.0; pest_meta 2.8.6; sherpa-rs-sys 0.6.8; tracel-llvm-bundler 20.1.4-7; wasmtime-environ 46.0.0; wasmtime-internal-cache 46.0.0; webrtc 0.17.1
sha2,0.11.0,ed25519-dalek 3.0.0-rc.0; forge-cli 0.1.0; forge-formats 0.1.0; forge-server 0.1.0; tentaflow 0.1.0-beta; tentaflow-cli 0.1.0; tentaflow-coding-agent-bridge 0.1.0; tentaflow-core 0.1.0
shlex,1.3.0,bindgen 0.69.5; bindgen 0.71.1; bindgen 0.72.1; cc 1.2.61
shlex,2.0.1,tentaflow-core 0.1.0
signature,2.2.0,ecdsa 0.16.9; ed25519 2.2.3; jsonwebtoken 10.4.0; rsa 0.9.10
signature,3.0.0,ed25519 3.0.0; ed25519-dalek 3.0.0-rc.0
siphasher,0.3.11,phf_shared 0.10.0
siphasher,1.0.3,phf_shared 0.11.3; phf_shared 0.12.1; phf_shared 0.13.1
smithay-client-toolkit,0.19.2,sctk-adwaita 0.10.1; winit 0.30.13
smithay-client-toolkit,0.20.0,smithay-clipboard 0.7.3
smol_str,0.1.24,acto 0.8.2
smol_str,0.2.2,oq3_syntax 0.7.0; webrtc 0.17.1; winit 0.30.13
socket2,0.5.10,tonic 0.13.1; webrtc-mdns 0.17.1
socket2,0.6.3,hyper-util 0.1.20; ipconfig 0.3.4; netwatch 0.19.3; noq 1.2.0; noq-udp 1.2.0; portmapper 0.19.3; quinn 0.11.9; quinn-udp 0.5.14; swarm-discovery 0.6.1; tokio 1.52.3
spin,0.10.0,burn-autodiff 0.21.0; burn-backend 0.21.0; burn-core 0.21.0; burn-cubecl-fusion 0.21.0; burn-fusion 0.21.0; burn-router 0.21.0; burn-std 0.21.0; cubecl-common 0.10.0; cubecl-runtime 0.10.0; cubecl-std 0.10.0; futures-buffered 0.2.13
spin,0.9.8,flume 0.12.0; lazy_static 1.5.0; multer 3.1.0; wasmi 1.1.0
spki,0.7.3,ecdsa 0.16.9; pkcs1 0.7.5; pkcs8 0.10.2; rsa 0.9.10
spki,0.8.0,pkcs8 0.11.0
string-interner,0.19.0,wasmi_collections 1.1.0
string-interner,0.20.0,tract-data 0.23.3
strum,0.24.1,milvus-sdk-rust 0.1.0
strum,0.28.0,iroh 1.1.0; iroh-dns 1.1.0; iroh-relay 1.1.0; onnx-ir 0.21.0
strum_macros,0.24.3,milvus-sdk-rust 0.1.0
strum_macros,0.28.0,strum 0.28.0
syn,1.0.109,boolenum 0.1.0; html5ever 0.26.0; prettyplease 0.1.25; proc-macro-error 1.0.4; rust-format 0.3.4; stdweb-derive 0.5.3; stdweb-internal-macros 0.2.9; strum_macros 0.24.3; time-macros-impl 0.1.2
syn,2.0.118,arg_enum_proc_macro 0.3.4; asn1-rs-derive 0.5.1; asn1-rs-derive 0.6.0; asn1-rs-impl 0.2.0; async-recursion 1.1.1; async-stream-impl 0.3.6; async-trait 0.1.89; bindgen 0.69.5; bindgen 0.71.1; bindgen 0.72.1; bon-macros 3.9.3; burn-derive 0.21.0; burn-onnx 0.21.0; bytecheck_derive 0.8.2; bytemuck_derive 1.10.2; casey 0.4.2; cbindgen 0.29.4; clap_derive 4.6.1; cubecl-macros 0.10.0; cubecl-macros-internal 0.10.0; curve25519-dalek-derive 0.1.1; darling_core 0.20.11; darling_core 0.21.3; darling_core 0.23.0; darling_macro 0.20.11; darling_macro 0.21.3; darling_macro 0.23.0; data-encoding-macro-internal 0.1.17; derive-new 0.7.0; derive_builder_core 0.20.2; derive_builder_macro 0.20.2; derive_more 0.99.20; derive_more-impl 2.1.1; displaydoc 0.2.5; enum-as-inner 0.6.1; enum-assoc 1.3.0; enum-map-derive 0.17.0; enum_dispatch 0.3.13; enumflags2_derive 0.7.12; enumset_derive 0.15.0; equator-macro 0.4.2; futures-macro 0.3.32; glib-macros 0.18.5; glib-macros 0.22.6; gltf-derive 1.4.1; gtk3-macros 0.18.2; interpolate_name 0.2.4; iroh-metrics-derive 1.0.1; jni-macros 0.22.4; jni-sys-macros 0.4.1; macerator-macros 0.1.5; miette-derive 5.10.0; minicbor-derive 0.19.4; monostate-impl 0.1.18; munge_macro 0.4.7; n0-error-macros 1.0.0; nalgebra-macros 0.3.0; num-derive 0.4.2; num_enum_derive 0.7.5; onnx-ir-derive 0.21.0; pest_generator 2.8.6; phf_macros 0.11.3; phf_macros 0.13.1; pin-project-internal 1.1.11; postcard-derive 0.2.2; prettyplease 0.2.37; profiling-procmacros 1.0.18; prost-build 0.13.5; prost-build 0.14.4; prost-derive 0.13.5; prost-derive 0.14.4; ptr_meta_derive 0.3.1; pulley-macros 46.0.0; rkyv_derive 0.8.16; serde_derive 1.0.228; serde_repr 0.1.20; spez 0.1.2; strum_macros 0.28.0; synstructure 0.13.2; tentaflow-macros 0.1.0; thiserror-impl 1.0.69; thiserror-impl 2.0.18; tokio-macros 2.7.0; tonic-build 0.13.1; tracel-mlir-rs-macros 20.1.4-7; tracing-attributes 0.1.31; variadics_please 1.1.0; wasm-bindgen-macro-support 0.2.125; wasm-bindgen-test-macro 0.3.75; wasmtime-internal-component-macro 46.0.0; wasmtime-internal-versioned-export-macros 46.0.0; wiggle-generate 46.0.0; wiggle-macro 46.0.0; windows-implement 0.60.2; windows-interface 0.59.3; yoke-derive 0.8.1; zbus-lockstep-macros 0.5.2; zerocopy-derive 0.8.42; zerofrom-derive 0.1.6; zeroize_derive 1.5.0; zerovec-derive 0.11.2
syn,3.0.5,foreign-types-macros 0.2.4; zbus_macros 5.19.0; zvariant_derive 5.15.0; zvariant_utils 4.2.0
sysinfo,0.38.4,cubecl-cpu 0.10.0
sysinfo,0.39.5,tentaflow-core 0.1.0
system-deps,6.2.2,atk-sys 0.18.2; cairo-sys-rs 0.18.2; gdk-pixbuf-sys 0.18.0; gdk-sys 0.18.2; gio-sys 0.18.1; glib-sys 0.18.1; gobject-sys 0.18.0; gtk-sys 0.18.2; pango-sys 0.18.0
system-deps,7.0.8,gio-sys 0.22.0; glib-sys 0.22.6; gobject-sys 0.22.6; gstreamer-app-sys 0.25.0; gstreamer-base-sys 0.25.0; gstreamer-sys 0.25.2; gstreamer-video-sys 0.25.3
target-lexicon,0.12.16,cfg-expr 0.15.8; cfg-expr 0.17.2
target-lexicon,0.13.5,cranelift-codegen 0.133.0; cranelift-frontend 0.133.0; cranelift-native 0.133.0; wasmtime 46.0.0; wasmtime-environ 46.0.0; wasmtime-internal-cranelift 46.0.0
thiserror,1.0.69,asn1-rs 0.6.2; cairo-rs 0.18.5; calloop 0.13.0; cel 0.13.0; cozo 0.7.6; dtls 0.17.1; filedescriptor 0.8.3; gio 0.18.4; glib 0.18.5; interceptor 0.17.1; jni 0.21.1; miette 5.10.0; milvus-sdk-rust 0.1.0; muda 0.15.3; ndk 0.9.0; protobuf 3.7.2; protobuf-codegen 3.7.2; protobuf-parse 3.7.2; protobuf-support 3.7.2; redox_users 0.4.6; rtcp 0.17.1; rtp 0.17.1; sdp 0.17.1; smithay-client-toolkit 0.19.2; stun 0.17.1; sysctl 0.6.0; tch 0.22.0; turn 0.17.1; webrtc 0.17.1; webrtc-data 0.17.1; webrtc-ice 0.17.1; webrtc-mdns 0.17.1; webrtc-media 0.17.1; webrtc-sctp 0.17.1; webrtc-srtp 0.17.1; webrtc-util 0.17.1; witx 0.9.1; x509-parser 0.16.0
thiserror,2.0.18,android-activity 0.6.1; asn1-rs 0.7.1; av-scenechange 0.14.1; bollard 0.21.0; burn-backend 0.21.0; burn-core 0.21.0; candle-core 0.10.2; chromiumoxide 0.9.1; cobs 0.3.0; cubecl-runtime 0.10.0; cubek-reduce 0.2.0; egui-wgpu 0.34.3; forge-hal 0.1.0; forge-kernels 0.1.0; forge-types 0.1.0; gpu-allocator 0.28.0; gstreamer 0.25.2; gstreamer-video 0.25.3; handlebars 6.4.2; hf-hub 0.5.0; hickory-net 0.26.1; hickory-proto 0.26.1; hickory-resolver 0.26.1; jni 0.22.4; naga 29.0.1; netlink-proto 0.12.0; noq 1.2.0; noq-proto 1.2.0; quinn 0.11.9; quinn-proto 0.11.14; rav1e 0.8.1; redox_users 0.5.2; rsqlite-vfs 0.1.0; rustls-cert-file-reader 0.4.2; rustls-cert-reloadable-resolver 0.7.1; simple_asn1 0.6.4; smithay-client-toolkit 0.20.0; swarm-discovery 0.6.1; tentaflow-bus 0.1.0; tentaflow-core 0.1.0; tentaflow-quantum 0.1.0; tentaflow-transport 0.1.0; tentaflow-voice 0.1.0; tentaflow-wrappers 0.1.0; tentaflow-zvec 0.1.0; tokenizers 0.22.2; tokenizers 0.23.2; tokio-rustls-acme 0.9.0; tracel-tblgen-rs 20.1.4-7; tracing-appender 0.2.5; tray-icon 0.19.3; tungstenite 0.28.0; tungstenite 0.29.0; wasmtime-internal-cranelift 46.0.0; wasmtime-wasi 46.0.0; wgpu-core 29.0.1; wgpu-hal 29.0.1; wiggle 46.0.0; wmi 0.18.4; ws_stream_wasm 0.7.5; x509-parser 0.18.1
thiserror-impl,1.0.69,thiserror 1.0.69
thiserror-impl,2.0.18,thiserror 2.0.18
time,0.2.27,lopdf 0.26.0; printpdf 0.3.4
time,0.3.47,asn1-rs 0.6.2; asn1-rs 0.7.1; cookie 0.18.1; cookie_store 0.22.1; iroh 1.1.0; iroh-relay 1.1.0; netwatch 0.19.3; plist 1.10.1; portmapper 0.19.3; rcgen 0.13.2; rcgen 0.14.8; simple_asn1 0.6.4; tokio-rustls-acme 0.9.0; tracing-appender 0.2.5; x509-parser 0.16.0; x509-parser 0.18.1; yasna 0.5.2; yasna 0.6.0; zip 0.6.6; zip 8.6.0
time-macros,0.1.1,time 0.2.27
time-macros,0.2.27,time 0.3.47
tokenizers,0.22.2,candle-core 0.10.2
tokenizers,0.23.2,forge-tokenize 0.1.0
toml,0.8.2,system-deps 6.2.2
toml,0.9.12+spec-1.1.0,cbindgen 0.29.4; wasmtime-internal-cache 46.0.0
toml,1.1.2+spec-1.1.0,cubecl-common 0.10.0; cubecl-runtime 0.10.0; iroh-relay 1.1.0; system-deps 7.0.8; tentaflow-core 0.1.0; tentaflow-sidecar 0.1.0; tentaflow-teams-bot 0.1.0; winresource 0.1.31
toml_datetime,0.6.3,proc-macro-crate 2.0.2; toml 0.8.2; toml_edit 0.19.15; toml_edit 0.20.2
toml_datetime,0.7.5+spec-1.1.0,toml 0.9.12+spec-1.1.0
toml_datetime,1.1.1+spec-1.1.0,toml 1.1.2+spec-1.1.0; toml_edit 0.25.4+spec-1.1.0
toml_edit,0.19.15,proc-macro-crate 1.3.1
toml_edit,0.20.2,proc-macro-crate 2.0.2; toml 0.8.2
toml_edit,0.25.4+spec-1.1.0,proc-macro-crate 3.5.0
tungstenite,0.28.0,async-tungstenite 0.32.1
tungstenite,0.29.0,tokio-tungstenite 0.29.0
twox-hash,1.6.3,cozo 0.7.6; lz4_flex 0.10.0
twox-hash,2.1.2,lz4_flex 0.13.1
unicode-width,0.1.14,ariadne 0.3.0; miette 5.10.0; textwrap 0.15.2
unicode-width,0.2.2,codespan-reporting 0.13.1; console 0.16.3; indicatif 0.18.4; wast 252.0.0
ureq,2.12.1,sherpa-rs-sys 0.6.8; torch-sys 0.22.0
ureq,3.3.0,hf-hub 0.5.0; ort 2.0.0-rc.12; ort-sys 2.0.0-rc.12; tentaflow-core 0.1.0
wasm-encoder,0.251.0,wasm-compose 0.251.0; wasmtime 46.0.0; wasmtime-environ 46.0.0
wasm-encoder,0.252.0,wast 252.0.0
wasm-streams,0.4.2,reqwest 0.12.28
wasm-streams,0.5.0,reqwest 0.13.3
wasmparser,0.239.0,wasmi 1.1.0
wasmparser,0.251.0,wasm-compose 0.251.0; wasm-encoder 0.251.0; wasmprinter 0.251.0; wasmtime 46.0.0; wasmtime-environ 46.0.0; wasmtime-internal-cranelift 46.0.0; wit-parser 0.251.0
wasmparser,0.252.0,wasm-encoder 0.252.0
wast,252.0.0,wat 1.252.0
wast,35.0.2,witx 0.9.1
webpki-roots,0.26.11,ureq 2.12.1
webpki-roots,1.0.7,hyper-rustls 0.27.7; iroh-relay 1.1.0; reqwest 0.12.28; tokio-rustls-acme 0.9.0; ureq 3.3.0; webpki-roots 0.26.11
which,4.4.2,bindgen 0.69.5; protobuf-parse 3.7.2
which,8.0.4,chromiumoxide 0.9.1; tentaflow-core 0.1.0
windows-sys,0.45.0,concolor-query 0.3.3; jni 0.21.1
windows-sys,0.48.0,dirs-sys 0.4.1
windows-sys,0.52.0,glutin 0.32.3; glutin_egl_sys 0.7.1; ring 0.17.14; socket2 0.5.10; winit 0.30.13
windows-sys,0.59.0,cap-fs-ext 3.4.5; cap-primitives 3.4.5; fs-set-times 0.20.3; io-extras 0.18.4; muda 0.15.3; rustix 0.38.44; tray-icon 0.19.3; winx 0.36.4
windows-sys,0.60.2,arboard 3.6.1; quinn-udp 0.5.14
windows-sys,0.61.2,anstyle-query 1.1.5; anstyle-wincon 3.0.11; async-io 2.6.0; async-signal 0.2.14; colored 3.1.1; console 0.16.3; ctrlc 3.5.2; dirs-sys 0.5.0; eframe 0.34.3; errno 0.3.14; gio-sys 0.22.0; hf-hub 0.5.0; home 0.5.12; ipconfig 0.3.4; is-terminal 0.4.17; mio 1.2.0; netdev 0.45.0; netdev 0.46.2; noq-udp 1.2.0; nu-ansi-term 0.50.3; polling 3.11.0; rustix 1.1.4; rustls-platform-verifier 0.7.0; schannel 0.1.29; seize 0.5.1; serial2 0.2.38; socket2 0.6.3; tempfile 3.27.0; tentaflow-core 0.1.0; tokio 1.52.3; uds_windows 1.2.1; wasmtime 46.0.0; wasmtime-internal-cache 46.0.0; wasmtime-internal-fiber 46.0.0; wasmtime-internal-jit-icache-coherence 46.0.0; wasmtime-wasi 46.0.0; winapi-util 0.1.11; winreg 0.56.0; zbus 5.19.0
windows-targets,0.42.2,windows-sys 0.45.0
windows-targets,0.48.5,windows-sys 0.48.0
windows-targets,0.52.6,windows-sys 0.52.0; windows-sys 0.59.0
windows-targets,0.53.5,windows-sys 0.60.2
windows_aarch64_gnullvm,0.42.2,windows-targets 0.42.2
windows_aarch64_gnullvm,0.48.5,windows-targets 0.48.5
windows_aarch64_gnullvm,0.52.6,windows-targets 0.52.6
windows_aarch64_gnullvm,0.53.1,windows-targets 0.53.5
windows_aarch64_msvc,0.42.2,windows-targets 0.42.2
windows_aarch64_msvc,0.48.5,windows-targets 0.48.5
windows_aarch64_msvc,0.52.6,windows-targets 0.52.6
windows_aarch64_msvc,0.53.1,windows-targets 0.53.5
windows_i686_gnu,0.42.2,windows-targets 0.42.2
windows_i686_gnu,0.48.5,windows-targets 0.48.5
windows_i686_gnu,0.52.6,windows-targets 0.52.6
windows_i686_gnu,0.53.1,windows-targets 0.53.5
windows_i686_gnullvm,0.52.6,windows-targets 0.52.6
windows_i686_gnullvm,0.53.1,windows-targets 0.53.5
windows_i686_msvc,0.42.2,windows-targets 0.42.2
windows_i686_msvc,0.48.5,windows-targets 0.48.5
windows_i686_msvc,0.52.6,windows-targets 0.52.6
windows_i686_msvc,0.53.1,windows-targets 0.53.5
windows_x86_64_gnu,0.42.2,windows-targets 0.42.2
windows_x86_64_gnu,0.48.5,windows-targets 0.48.5
windows_x86_64_gnu,0.52.6,windows-targets 0.52.6
windows_x86_64_gnu,0.53.1,windows-targets 0.53.5
windows_x86_64_gnullvm,0.42.2,windows-targets 0.42.2
windows_x86_64_gnullvm,0.48.5,windows-targets 0.48.5
windows_x86_64_gnullvm,0.52.6,windows-targets 0.52.6
windows_x86_64_gnullvm,0.53.1,windows-targets 0.53.5
windows_x86_64_msvc,0.42.2,windows-targets 0.42.2
windows_x86_64_msvc,0.48.5,windows-targets 0.48.5
windows_x86_64_msvc,0.52.6,windows-targets 0.52.6
windows_x86_64_msvc,0.53.1,windows-targets 0.53.5
winnow,0.5.40,toml_edit 0.19.15; toml_edit 0.20.2
winnow,0.7.15,toml 0.9.12+spec-1.1.0; toml_edit 0.25.4+spec-1.1.0
winnow,1.0.1,toml 1.1.2+spec-1.1.0; toml_parser 1.1.2+spec-1.1.0; zbus 5.19.0; zbus_names 4.3.4; zbus_xml 5.2.1; zvariant 5.15.0; zvariant_utils 4.2.0
winreg,0.10.1,portable-pty 0.9.0
winreg,0.56.0,tentaflow-core 0.1.0
x509-parser,0.16.0,dtls 0.17.1; rcgen 0.13.2
x509-parser,0.18.1,rcgen 0.14.8; tentaflow-core 0.1.0; tokio-rustls-acme 0.9.0
yasna,0.5.2,rcgen 0.13.2
yasna,0.6.0,rcgen 0.14.8
zip,0.6.6,tch 0.22.0; torch-sys 0.22.0
zip,7.2.0,calamine 0.35.0; candle-core 0.10.2
zip,8.6.0,burn-store 0.21.0; tentaflow-core 0.1.0
zstd,0.11.2+zstd.1.5.2,zip 0.6.6
zstd,0.13.3,tentaflow-core 0.1.0; wasmtime-internal-cache 46.0.0; zip 8.6.0
zstd-safe,5.0.2+zstd.1.5.2,zstd 0.11.2+zstd.1.5.2
zstd-safe,7.2.4,zstd 0.13.3
