pakiet,wersja_lub_rewizja_w_root,rola,deklarujący_odbiorcy,decyzja
aes,0.9.1,Szyfrowanie blokowe lub tryb szyfrowania,tentaflow-hardware,Pozostaje: osobna rola w podanych odbiorcach; wersja i źródło są zarządzane centralnie.
aes-gcm,0.10.3,Szyfrowanie blokowe lub tryb szyfrowania,tentaflow-core; tentaflow-hardware,Ujednolicono deklaracje wersji. Pozostaje: osobna rola w podanych odbiorcach; wersja i źródło są zarządzane centralnie.
android_logger,0.15.1,Logi aplikacji i platformowe adaptery logowania,tentaflow-mobile,"Pozostaje: log jest fasadą używaną przez część zależności, tracing modeluje zdarzenia i spany, pozostałe pakiety to odbiorniki i adaptery platformowe."
anyhow,1.0.102,Obsługa błędów aplikacyjnych i typowanych,forge-cli; forge-server; tentaflow; tentaflow-cli; tentaflow-client-native; tentaflow-coding-agent-bridge; tentaflow-core; tentaflow-desktop-core; tentaflow-desktop-linux; tentaflow-desktop-macos; tentaflow-desktop-windows; tentaflow-hardware; tentaflow-mobile; tentaflow-sidecar; tentaflow-teams-bot; tentaflow-transport; tentaflow-ui-schema; tentaflow-voice,"Ujednolicono deklaracje wersji. Pozostaje: anyhow przenosi kontekst błędów aplikacji, thiserror definiuje typowane publiczne błędy."
approx,0.5,"Testy integracyjne, porównania i fuzzing",tentaflow-slam,Pozostaje: osobna rola w podanych odbiorcach; wersja i źródło są zarządzane centralnie.
arc-swap,1.7.1,Synchronizacja i pamięci podręczne w procesie,tentaflow-core; tentaflow-teams-bot,Pozostaje: osobna rola w podanych odbiorcach; wersja i źródło są zarządzane centralnie.
argon2,0.5.3,Haszowanie haseł i wyprowadzanie kluczy,tentaflow-core,Pozostaje: osobna rola w podanych odbiorcach; wersja i źródło są zarządzane centralnie.
assert_cmd,2,"Testy integracyjne, porównania i fuzzing",tentaflow-cli,Pozostaje: osobna rola w podanych odbiorcach; wersja i źródło są zarządzane centralnie.
async-stream,0.3.6,"Środowisko asynchroniczne, strumienie i kanały",tentaflow-core,Pozostaje: osobna rola w podanych odbiorcach; wersja i źródło są zarządzane centralnie.
async-trait,0.1.89,Makra proceduralne i rejestracja implementacji,tentaflow-core; tentaflow-sidecar; tentaflow-transport,Ujednolicono deklaracje wersji. Pozostaje: osobna rola w podanych odbiorcach; wersja i źródło są zarządzane centralnie.
axum,0.8,Serwer HTTP i warstwy transportu HTTP,forge-server; tentaflow-coding-agent-bridge,"Pozostaje: to warstwy jednego stosu HTTP, a nie niezależne implementacje tej samej aplikacyjnej funkcji."
base64,0.22.1,Kodowanie tekstowe danych binarnych,tentaflow-addon-go2; tentaflow-addon-sdk; tentaflow-addon-tentavision; tentaflow-cli; tentaflow-core; tentaflow-hardware; tentaflow-teams-bot,Ujednolicono deklaracje wersji. Pozostaje: osobna rola w podanych odbiorcach; wersja i źródło są zarządzane centralnie.
bindgen,0.72.1,Granice FFI i generowanie bindingów,tentaflow-zvec-sys,Pozostaje: osobna rola w podanych odbiorcach; wersja i źródło są zarządzane centralnie.
blake3,1.8.5,Skróty i sumy kontrolne,tentaflow-core,"Pozostaje: poszczególne algorytmy są częścią formatów plików, protokołów lub modeli. Jedna nazwa funkcji skrótu nie pozwala zmieniać algorytmu na drucie."
bollard,0.21.0,Zarządzanie kontenerami Docker,tentaflow-core,Pozostaje: osobna rola w podanych odbiorcach; wersja i źródło są zarządzane centralnie.
burn,0.21,Inferencja oraz serializacja i konwersja modeli Burn,burn-spike; tentaflow-core,"Pozostaje: backendy mają różne możliwości, wymagania sprzętowe i sposób wdrażania; nie są wymiennymi bibliotekami pomocniczymi."
burn-onnx,0.21,Inferencja oraz serializacja i konwersja modeli Burn,burn-spike,"Pozostaje: backendy mają różne możliwości, wymagania sprzętowe i sposób wdrażania; nie są wymiennymi bibliotekami pomocniczymi."
burn-store,0.21,Inferencja oraz serializacja i konwersja modeli Burn,burn-spike; tentaflow-core,"Pozostaje: backendy mają różne możliwości, wymagania sprzętowe i sposób wdrażania; nie są wymiennymi bibliotekami pomocniczymi."
bytemuck,1,"Bufory, reprezentacja danych i kolekcje",forge-engine; forge-kernels; forge-server; forge-types; forge-whisper; tentaflow-quantum; tentaflow-teams-bot; tentaflow-voxel-wasm,Pozostaje: osobna rola w podanych odbiorcach; wersja i źródło są zarządzane centralnie.
bytes,1.12.0,"Bufory, reprezentacja danych i kolekcje",tentaflow-bus; tentaflow-core; tentaflow-hardware,Pozostaje: osobna rola w podanych odbiorcach; wersja i źródło są zarządzane centralnie.
calamine,0.35.0,"Odczyt arkuszy, CSV i kodowań znaków",tentaflow-core,Ujednolicono deklaracje wersji. Pozostaje: osobna rola w podanych odbiorcach; wersja i źródło są zarządzane centralnie.
cbindgen,0.29.4,Granice FFI i generowanie bindingów,tentaflow-client-native,Pozostaje: osobna rola w podanych odbiorcach; wersja i źródło są zarządzane centralnie.
cc,1,Granice FFI i generowanie bindingów,forge-rdma,Pozostaje: osobna rola w podanych odbiorcach; wersja i źródło są zarządzane centralnie.
cel,0.13.0,Wyrażenia polityk i warunków CEL,tentaflow-core,Pozostaje: osobna rola w podanych odbiorcach; wersja i źródło są zarządzane centralnie.
chacha20poly1305,0.10,Szyfrowanie blokowe lub tryb szyfrowania,tentaflow-sdk-spec,Pozostaje: osobna rola w podanych odbiorcach; wersja i źródło są zarządzane centralnie.
chromiumoxide,0.9,Automatyzacja przeglądarki przez protokół DevTools,tentaflow-teams-bot,Pozostaje: osobna rola w podanych odbiorcach; wersja i źródło są zarządzane centralnie.
chrono,0.4.45,"Daty, strefy czasowe i identyfikatory",forge-tokenize; tentaflow-cli; tentaflow-core; tentaflow-ui,Ujednolicono deklaracje wersji. Pozostaje: osobna rola w podanych odbiorcach; wersja i źródło są zarządzane centralnie.
chrono-tz,0.10.4,"Daty, strefy czasowe i identyfikatory",tentaflow-core,Pozostaje: osobna rola w podanych odbiorcach; wersja i źródło są zarządzane centralnie.
ciborium,0.2,Serializacja CBOR,tentaflow-addon-sdk; tentaflow-core; tentaflow-protocol; tentaflow-ui-schema,Pozostaje: CBOR serde w istniejącym protokole oraz jawnie indeksowane mapy minicbor w SDK opisują różne kontrakty wire. Zamiana wymaga migracji protokołu.
clap,4.6.1,"Argumenty CLI, procesy i integracja z systemem",forge-cli; tentaflow; tentaflow-cli; tentaflow-desktop-core; tentaflow-sidecar; tentaflow-teams-bot,Ujednolicono deklaracje wersji. Pozostaje: osobna rola w podanych odbiorcach; wersja i źródło są zarządzane centralnie.
console_error_panic_hook,0.1.7,Logi aplikacji i platformowe adaptery logowania,tentaflow-protocol-wasm; tentaflow-voxel-wasm,"Pozostaje: log jest fasadą używaną przez część zależności, tracing modeluje zdarzenia i spany, pozostałe pakiety to odbiorniki i adaptery platformowe."
console_log,1,Logi aplikacji i platformowe adaptery logowania,tentaflow-voxel-wasm,"Pozostaje: log jest fasadą używaną przez część zależności, tracing modeluje zdarzenia i spany, pozostałe pakiety to odbiorniki i adaptery platformowe."
core-foundation,0.10,Granice FFI i generowanie bindingów,tentaflow-core,Pozostaje: osobna rola w podanych odbiorcach; wersja i źródło są zarządzane centralnie.
cozo,0.7.6,Baza grafowa i zapytania relacyjne,tentaflow-core,"Pozostaje: fjall jest magazynem klucz–wartość, SQLite lokalną bazą relacyjną, Cozo silnikiem grafowym, Milvus klientem zewnętrznego serwisu."
crc32c,0.6.8,Skróty i sumy kontrolne,tentaflow-bus,"Pozostaje: poszczególne algorytmy są częścią formatów plików, protokołów lub modeli. Jedna nazwa funkcji skrótu nie pozwala zmieniać algorytmu na drucie."
criterion,0.8.2,"Metryki, benchmarki i profilowanie pamięci",tentaflow-bus; tentaflow-core; tentaflow-protocol; tentaflow-sdk-spec; tentaflow-teams-bot; tentaflow-transport; tentaflow-voice,Pozostaje: osobna rola w podanych odbiorcach; wersja i źródło są zarządzane centralnie.
crossbeam-channel,0.5,"Środowisko asynchroniczne, strumienie i kanały",tentaflow-core,Pozostaje: osobna rola w podanych odbiorcach; wersja i źródło są zarządzane centralnie.
csv,1.3,"Odczyt arkuszy, CSV i kodowań znaków",tentaflow-core,Pozostaje: osobna rola w podanych odbiorcach; wersja i źródło są zarządzane centralnie.
ctrlc,3.4,"Argumenty CLI, procesy i integracja z systemem",tentaflow-desktop-core,Pozostaje: osobna rola w podanych odbiorcach; wersja i źródło są zarządzane centralnie.
cudarc,0.19.8,Renderowanie GPU i obliczenia CUDA,forge-hal; modular_fp8_launch,Pozostaje: osobna rola w podanych odbiorcach; wersja i źródło są zarządzane centralnie.
dashmap,6.2.1,Synchronizacja i pamięci podręczne w procesie,tentaflow-core,Pozostaje: osobna rola w podanych odbiorcach; wersja i źródło są zarządzane centralnie.
data-encoding,2,Kodowanie tekstowe danych binarnych,tentaflow-mobile,Pozostaje: osobna rola w podanych odbiorcach; wersja i źródło są zarządzane centralnie.
dhat,0.3,"Metryki, benchmarki i profilowanie pamięci",tentaflow-core,Pozostaje: osobna rola w podanych odbiorcach; wersja i źródło są zarządzane centralnie.
dirs,6.0.0,Mapowanie pamięci i operacje plikowe,tentaflow-core; tentaflow-desktop-core; tentaflow-mobile,Ujednolicono deklaracje wersji. Pozostaje: osobna rola w podanych odbiorcach; wersja i źródło są zarządzane centralnie.
ecb,0.2.0,Szyfrowanie blokowe lub tryb szyfrowania,tentaflow-hardware,Pozostaje: osobna rola w podanych odbiorcach; wersja i źródło są zarządzane centralnie.
ed25519-dalek,2.2.0,Podpisy i wymiana kluczy,tentaflow-cli; tentaflow-core; tentaflow-protocol-wasm; tentaflow-sdk-spec,Ujednolicono deklaracje wersji. Pozostaje: osobna rola w podanych odbiorcach; wersja i źródło są zarządzane centralnie.
eframe,0.34.2,Interfejs natywny i zasobnik systemowy,tentaflow-desktop-core; tentaflow-ui,Ujednolicono deklaracje wersji. Pozostaje: biblioteki należą do jednego zestawu GUI i mają różne warstwy; ich wersje zostały ujednolicone.
egui,0.34.2,Interfejs natywny i zasobnik systemowy,tentaflow-desktop-core; tentaflow-ui,Ujednolicono deklaracje wersji. Pozostaje: biblioteki należą do jednego zestawu GUI i mają różne warstwy; ich wersje zostały ujednolicone.
egui_extras,0.34.2,Interfejs natywny i zasobnik systemowy,tentaflow-ui,Pozostaje: biblioteki należą do jednego zestawu GUI i mają różne warstwy; ich wersje zostały ujednolicone.
encoding_rs,0.8,"Odczyt arkuszy, CSV i kodowań znaków",tentaflow-wrappers,Pozostaje: osobna rola w podanych odbiorcach; wersja i źródło są zarządzane centralnie.
filetime,0.2.29,Mapowanie pamięci i operacje plikowe,tentaflow-core,Pozostaje: osobna rola w podanych odbiorcach; wersja i źródło są zarządzane centralnie.
fjall,3.1.5,Magazyn klucz–wartość,tentaflow-bus; tentaflow-core,"Ujednolicono deklaracje wersji. Pozostaje: fjall jest magazynem klucz–wartość, SQLite lokalną bazą relacyjną, Cozo silnikiem grafowym, Milvus klientem zewnętrznego serwisu."
flate2,1.1.9,Archiwa i kompresja,tentaflow; tentaflow-core,"Ujednolicono deklaracje wersji. Pozostaje: formaty kompresji mają różnych odbiorców; LZ4 jest używany na ścieżce danych, archiwa i Zstandard w zasobach oraz cache."
fs2,0.4,Mapowanie pamięci i operacje plikowe,tentaflow-coding-agent-bridge,Pozostaje: osobna rola w podanych odbiorcach; wersja i źródło są zarządzane centralnie.
futures,0.3.32,"Środowisko asynchroniczne, strumienie i kanały",forge-server; tentaflow-core; tentaflow-teams-bot,Ujednolicono deklaracje wersji. Pozostaje: osobna rola w podanych odbiorcach; wersja i źródło są zarządzane centralnie.
futures-util,0.3,"Środowisko asynchroniczne, strumienie i kanały",tentaflow-sidecar,Pozostaje: osobna rola w podanych odbiorcach; wersja i źródło są zarządzane centralnie.
genpdf,0.2,Generowanie PDF i odczyt PDF przez silnik PDFium,tentaflow-core,"Pozostaje: genpdf generuje dokumenty, PDFium renderuje i odczytuje istniejące PDF."
getrandom,0.4.3,"Losowość systemowa, generatory i rozkłady",tentaflow-core; tentaflow-protocol-wasm; tentaflow-sdk-spec; tentaflow-voxel-wasm,Ujednolicono deklaracje wersji. Pozostaje: osobna rola w podanych odbiorcach; wersja i źródło są zarządzane centralnie.
glam,0.33.1,"Obliczenia tensorowe, algebra liniowa i liczby zespolone",tentaflow-voxel-wasm,"Pozostaje: ndarray, nalgebra, glam i wide mają różne układy danych, API geometrii oraz wektoryzacji. Konsolidacja wymaga zmiany algorytmów i pomiarów."
gltf,1.4,Przetwarzanie obrazów i modeli scen 3D,tentaflow-voxel-wasm,Pozostaje: osobna rola w podanych odbiorcach; wersja i źródło są zarządzane centralnie.
gstreamer,0.25.2,Przechwytywanie i pipeline audio-wideo GStreamer,tentaflow-core,Pozostaje: osobna rola w podanych odbiorcach; wersja i źródło są zarządzane centralnie.
gstreamer-app,0.25.2,Przechwytywanie i pipeline audio-wideo GStreamer,tentaflow-core,Pozostaje: osobna rola w podanych odbiorcach; wersja i źródło są zarządzane centralnie.
gstreamer-video,0.25.2,Przechwytywanie i pipeline audio-wideo GStreamer,tentaflow-core,Pozostaje: osobna rola w podanych odbiorcach; wersja i źródło są zarządzane centralnie.
half,2,"Obliczenia tensorowe, algebra liniowa i liczby zespolone",forge-engine; forge-formats; forge-kernels; forge-onnx; forge-types; forge-whisper,Pozostaje: osobna rola w podanych odbiorcach; wersja i źródło są zarządzane centralnie.
handlebars,6.4.2,Silniki szablonów,tentaflow-core,Pozostaje: Handlebars generuje dokumenty prawne; Jinja obsługuje szablony modeli i zgodność z ekosystemem Hugging Face.
hex,0.4.3,Kodowanie tekstowe danych binarnych,forge-cli; forge-formats; forge-server; tentaflow-client-native; tentaflow-coding-agent-bridge; tentaflow-core; tentaflow-hardware; tentaflow-mobile; tentaflow-protocol-wasm; tentaflow-sidecar; tentaflow-teams-bot; tentaflow-transport,Ujednolicono deklaracje wersji. Pozostaje: osobna rola w podanych odbiorcach; wersja i źródło są zarządzane centralnie.
hf-hub,0.5.0,Pobieranie modeli i tokenizacja,tentaflow-core,Pozostaje: osobna rola w podanych odbiorcach; wersja i źródło są zarządzane centralnie.
hkdf,0.13.0,Haszowanie haseł i wyprowadzanie kluczy,tentaflow-core,Pozostaje: osobna rola w podanych odbiorcach; wersja i źródło są zarządzane centralnie.
hmac,0.13.0,Haszowanie haseł i wyprowadzanie kluczy,tentaflow-core,Pozostaje: osobna rola w podanych odbiorcach; wersja i źródło są zarządzane centralnie.
hostname,0.4.2,"Argumenty CLI, procesy i integracja z systemem",tentaflow-core,Pozostaje: osobna rola w podanych odbiorcach; wersja i źródło są zarządzane centralnie.
hound,3.5,"Przetwarzanie audio, kodeki i transformata Fouriera",forge-whisper,Pozostaje: osobna rola w podanych odbiorcach; wersja i źródło są zarządzane centralnie.
http-body-util,0.1.3,Serwer HTTP i warstwy transportu HTTP,tentaflow-core,"Pozostaje: to warstwy jednego stosu HTTP, a nie niezależne implementacje tej samej aplikacyjnej funkcji."
hyper,1.10.1,Serwer HTTP i warstwy transportu HTTP,tentaflow-core,"Pozostaje: to warstwy jednego stosu HTTP, a nie niezależne implementacje tej samej aplikacyjnej funkcji."
hyper-util,0.1.20,Serwer HTTP i warstwy transportu HTTP,tentaflow-core,"Pozostaje: to warstwy jednego stosu HTTP, a nie niezależne implementacje tej samej aplikacyjnej funkcji."
image,0.25,Przetwarzanie obrazów i modeli scen 3D,burn-spike; tentaflow-core,Pozostaje: osobna rola w podanych odbiorcach; wersja i źródło są zarządzane centralnie.
inventory,0.3.24,Makra proceduralne i rejestracja implementacji,tentaflow-core,Pozostaje: osobna rola w podanych odbiorcach; wersja i źródło są zarządzane centralnie.
iroh,1.1.0,"Transport mesh, discovery i serwer relay",tentaflow-client-native; tentaflow-core; tentaflow-sidecar; tentaflow-teams-bot; tentaflow-transport,Ujednolicono deklaracje wersji. Pozostaje: osobna rola w podanych odbiorcach; wersja i źródło są zarządzane centralnie.
iroh-mainline-address-lookup,0.5.0,"Transport mesh, discovery i serwer relay",tentaflow-core; tentaflow-transport,Pozostaje: osobna rola w podanych odbiorcach; wersja i źródło są zarządzane centralnie.
iroh-mdns-address-lookup,0.5.0,"Transport mesh, discovery i serwer relay",tentaflow-core; tentaflow-transport,Pozostaje: osobna rola w podanych odbiorcach; wersja i źródło są zarządzane centralnie.
iroh-relay,1.1.0,"Transport mesh, discovery i serwer relay",tentaflow-core,Pozostaje: osobna rola w podanych odbiorcach; wersja i źródło są zarządzane centralnie.
jni,0.21,Granice FFI i generowanie bindingów,tentaflow-mobile,Pozostaje: osobna rola w podanych odbiorcach; wersja i źródło są zarządzane centralnie.
js-sys,0.3.102,Przeglądarkowe bindingi JavaScript i Web API,tentaflow-protocol-wasm; tentaflow-quantum; tentaflow-voxel-wasm,Ujednolicono deklaracje wersji. Pozostaje: osobna rola w podanych odbiorcach; wersja i źródło są zarządzane centralnie.
jsonwebtoken,10.4.0,"TLS, certyfikaty i uwierzytelnianie JWT",tentaflow-core,Pozostaje: osobna rola w podanych odbiorcach; wersja i źródło są zarządzane centralnie.
libc,0.2.189,Granice FFI i generowanie bindingów,tentaflow-bus; tentaflow-coding-agent-bridge; tentaflow-core; tentanas-helper,Ujednolicono deklaracje wersji. Pozostaje: osobna rola w podanych odbiorcach; wersja i źródło są zarządzane centralnie.
libfuzzer-sys,0.4,"Testy integracyjne, porównania i fuzzing",tentaflow-protocol-fuzz,Pozostaje: osobna rola w podanych odbiorcach; wersja i źródło są zarządzane centralnie.
libloading,0.9.0,Granice FFI i generowanie bindingów,tentaflow; tentaflow-core; tentaflow-desktop-macos,Ujednolicono deklaracje wersji. Pozostaje: osobna rola w podanych odbiorcach; wersja i źródło są zarządzane centralnie.
llama-cpp-sys-2,0.1.146,Natywne silniki mowy i modeli językowych,tentaflow-wrappers,"Pozostaje: backendy mają różne możliwości, wymagania sprzętowe i sposób wdrażania; nie są wymiennymi bibliotekami pomocniczymi."
log,0.4,Logi aplikacji i platformowe adaptery logowania,tentaflow-mobile; tentaflow-voxel-wasm,"Pozostaje: log jest fasadą używaną przez część zależności, tracing modeluje zdarzenia i spany, pozostałe pakiety to odbiorniki i adaptery platformowe."
lru,0.18.0,Synchronizacja i pamięci podręczne w procesie,tentaflow-core,Pozostaje: osobna rola w podanych odbiorcach; wersja i źródło są zarządzane centralnie.
lz4_flex,0.13.1,Archiwa i kompresja,tentaflow-addon-go2; tentaflow-bus; tentaflow-core; tentaflow-protocol-wasm; tentaflow-sdk-spec; tentaflow-slam,"Ujednolicono deklaracje wersji. Pozostaje: formaty kompresji mają różnych odbiorców; LZ4 jest używany na ścieżce danych, archiwa i Zstandard w zasobach oraz cache."
md-5,0.11.0,Skróty i sumy kontrolne,tentaflow-hardware,"Pozostaje: poszczególne algorytmy są częścią formatów plików, protokołów lub modeli. Jedna nazwa funkcji skrótu nie pozwala zmieniać algorytmu na drucie."
memchr,2,"Bufory, reprezentacja danych i kolekcje",tentaflow-hardware,Pozostaje: osobna rola w podanych odbiorcach; wersja i źródło są zarządzane centralnie.
memmap2,0.9.11,Mapowanie pamięci i operacje plikowe,forge-formats; tentaflow-bus; tentaflow-core,Ujednolicono deklaracje wersji. Pozostaje: osobna rola w podanych odbiorcach; wersja i źródło są zarządzane centralnie.
milvus-sdk-rust,cce570b53d540e6a0ad7f9cf2c47c033857152ae,Klient zewnętrznej bazy wektorowej,tentaflow-core,"Pozostaje: fjall jest magazynem klucz–wartość, SQLite lokalną bazą relacyjną, Cozo silnikiem grafowym, Milvus klientem zewnętrznego serwisu."
minicbor,2.2,Serializacja CBOR,tentaflow-addon-contacts; tentaflow-addon-go2; tentaflow-addon-notes; tentaflow-addon-rag; tentaflow-addon-sdk; tentaflow-addon-sdk-showcase; tentaflow-addon-tentavision; tentaflow-core; tentaflow-protocol-wasm; tentaflow-sdk-gen; tentaflow-sdk-spec,Pozostaje: CBOR serde w istniejącym protokole oraz jawnie indeksowane mapy minicbor w SDK opisują różne kontrakty wire. Zamiana wymaga migracji protokołu.
minijinja,2.21,Silniki szablonów,forge-tokenize,Pozostaje: Handlebars generuje dokumenty prawne; Jinja obsługuje szablony modeli i zgodność z ekosystemem Hugging Face.
minijinja-contrib,2.21,Silniki szablonów,forge-tokenize,Pozostaje: Handlebars generuje dokumenty prawne; Jinja obsługuje szablony modeli i zgodność z ekosystemem Hugging Face.
multer,3.1,Serwer HTTP i warstwy transportu HTTP,tentaflow-core,Pozostaje: osobna rola w podanych odbiorcach; wersja i źródło są zarządzane centralnie.
nalgebra,0.35.0,"Obliczenia tensorowe, algebra liniowa i liczby zespolone",tentaflow-slam,"Pozostaje: ndarray, nalgebra, glam i wide mają różne układy danych, API geometrii oraz wektoryzacji. Konsolidacja wymaga zmiany algorytmów i pomiarów."
ndarray,0.17,"Obliczenia tensorowe, algebra liniowa i liczby zespolone",tentaflow-core,"Pozostaje: ndarray, nalgebra, glam i wide mają różne układy danych, API geometrii oraz wektoryzacji. Konsolidacja wymaga zmiany algorytmów i pomiarów."
netdev,0.45.0,"Argumenty CLI, procesy i integracja z systemem",tentaflow-core,Pozostaje: osobna rola w podanych odbiorcach; wersja i źródło są zarządzane centralnie.
num-complex,0.4.6,"Obliczenia tensorowe, algebra liniowa i liczby zespolone",tentaflow-core; tentaflow-quantum,Pozostaje: osobna rola w podanych odbiorcach; wersja i źródło są zarządzane centralnie.
num-traits,0.2.19,"Obliczenia tensorowe, algebra liniowa i liczby zespolone",tentaflow-quantum,Pozostaje: osobna rola w podanych odbiorcach; wersja i źródło są zarządzane centralnie.
num_cpus,1,Równoległe obliczenia CPU,tentaflow-core,Pozostaje do osobnego pomiaru: available_parallelism uwzględnia affinity i limity systemowe inaczej niż liczba CPU; zmiana wpływa na rozmiary pul.
open,5,"Argumenty CLI, procesy i integracja z systemem",tentaflow-desktop-core,Pozostaje: osobna rola w podanych odbiorcach; wersja i źródło są zarządzane centralnie.
oq3_semantics,0.7.0,Parser i semantyka OpenQASM,tentaflow-quantum,Pozostaje: osobna rola w podanych odbiorcach; wersja i źródło są zarządzane centralnie.
oq3_syntax,0.7.0,Parser i semantyka OpenQASM,tentaflow-quantum,Pozostaje: osobna rola w podanych odbiorcach; wersja i źródło są zarządzane centralnie.
ort,2.0.0-rc.12,Inferencja ONNX,tentaflow-core,"Pozostaje: backendy mają różne możliwości, wymagania sprzętowe i sposób wdrażania; nie są wymiennymi bibliotekami pomocniczymi."
parking_lot,0.12.5,Synchronizacja i pamięci podręczne w procesie,tentaflow; tentaflow-bus; tentaflow-client-native; tentaflow-coding-agent-bridge; tentaflow-core; tentaflow-teams-bot; tentaflow-transport,Ujednolicono deklaracje wersji. Pozostaje: osobna rola w podanych odbiorcach; wersja i źródło są zarządzane centralnie.
pdfium-render,0.9.2,Generowanie PDF i odczyt PDF przez silnik PDFium,tentaflow-core,"Pozostaje: genpdf generuje dokumenty, PDFium renderuje i odczytuje istniejące PDF."
pin-project-lite,0.2,Makra proceduralne i rejestracja implementacji,tentaflow-core,Pozostaje: osobna rola w podanych odbiorcach; wersja i źródło są zarządzane centralnie.
plist,1.9.0,"Konfiguracja i dokumenty TOML, YAML, RON lub plist",tentaflow-core,Pozostaje: osobna rola w podanych odbiorcach; wersja i źródło są zarządzane centralnie.
pollster,0.4.0,"Środowisko asynchroniczne, strumienie i kanały",tentaflow-quantum,Pozostaje: osobna rola w podanych odbiorcach; wersja i źródło są zarządzane centralnie.
portable-pty,0.9,"Argumenty CLI, procesy i integracja z systemem",tentaflow-coding-agent-bridge,Pozostaje: osobna rola w podanych odbiorcach; wersja i źródło są zarządzane centralnie.
predicates,3,"Testy integracyjne, porównania i fuzzing",tentaflow-cli,Pozostaje: osobna rola w podanych odbiorcach; wersja i źródło są zarządzane centralnie.
proc-macro2,1.0,Makra proceduralne i rejestracja implementacji,tentaflow-macros,Pozostaje: osobna rola w podanych odbiorcach; wersja i źródło są zarządzane centralnie.
prost,0.14.4,Protobuf i generowanie kodeków,tentaflow-voice,Pozostaje: osobna rola w podanych odbiorcach; wersja i źródło są zarządzane centralnie.
prost-build,0.14.4,Protobuf i generowanie kodeków,tentaflow-voice,Pozostaje: osobna rola w podanych odbiorcach; wersja i źródło są zarządzane centralnie.
protobuf-src,2,Protobuf i generowanie kodeków,tentaflow-voice,Pozostaje: osobna rola w podanych odbiorcach; wersja i źródło są zarządzane centralnie.
quick-xml,0.36,XML strumieniowy lub drzewo dokumentu XML,tentaflow-core,"Pozostaje: quick-xml obsługuje strumieniowe czytanie i zapis, roxmltree udostępnia drzewo URDF w przeglądarce."
quote,1.0.46,Makra proceduralne i rejestracja implementacji,tentaflow-macros,Pozostaje: osobna rola w podanych odbiorcach; wersja i źródło są zarządzane centralnie.
r2d2,0.8,SQLite i pula połączeń,tentaflow-core,Pozostaje: osobna rola w podanych odbiorcach; wersja i źródło są zarządzane centralnie.
r2d2_sqlite,0.34.0,SQLite i pula połączeń,tentaflow-core,Pozostaje: osobna rola w podanych odbiorcach; wersja i źródło są zarządzane centralnie.
rand,0.10.1,"Losowość systemowa, generatory i rozkłady",tentaflow-cli; tentaflow-core; tentaflow-hardware; tentaflow-quantum,Pozostaje: osobna rola w podanych odbiorcach; wersja i źródło są zarządzane centralnie.
rand_distr,0.6.0,"Losowość systemowa, generatory i rozkłady",tentaflow-core,Pozostaje: osobna rola w podanych odbiorcach; wersja i źródło są zarządzane centralnie.
rayon,1.12.0,Równoległe obliczenia CPU,tentaflow-quantum; tentaflow-voice,Pozostaje: osobna rola w podanych odbiorcach; wersja i źródło są zarządzane centralnie.
rcgen,0.14.8,"TLS, certyfikaty i uwierzytelnianie JWT",tentaflow-core,Ujednolicono deklaracje wersji. Pozostaje: osobna rola w podanych odbiorcach; wersja i źródło są zarządzane centralnie.
readability,0.3.0,Ekstrakcja treści stron HTML,tentaflow-core,Pozostaje: osobna rola w podanych odbiorcach; wersja i źródło są zarządzane centralnie.
regex,1.12.4,Wyrażenia regularne i normalizacja tekstu,tentaflow-core; tentaflow-ui-schema,Pozostaje: osobna rola w podanych odbiorcach; wersja i źródło są zarządzane centralnie.
reqwest,0.13.3,Klienci HTTP,forge-cli; forge-server; tentaflow; tentaflow-core; tentaflow-sidecar,Ujednolicono deklaracje wersji. Pozostaje: aplikacja korzysta z obu klientów; istniejący synchroniczny kod ureq omija wcześniejszy problem z zagnieżdżonym runtime reqwest. Migracja wymaga osobnych testów asynchroniczności.
ron,0.8,"Konfiguracja i dokumenty TOML, YAML, RON lub plist",forge-formats,Pozostaje: osobna rola w podanych odbiorcach; wersja i źródło są zarządzane centralnie.
roxmltree,0.21.1,XML strumieniowy lub drzewo dokumentu XML,tentaflow-voxel-wasm,"Pozostaje: quick-xml obsługuje strumieniowe czytanie i zapis, roxmltree udostępnia drzewo URDF w przeglądarce."
rsa,0.9,Podpisy i wymiana kluczy,tentaflow-hardware,Pozostaje: osobna rola w podanych odbiorcach; wersja i źródło są zarządzane centralnie.
rusqlite,0.39.0,SQLite i pula połączeń,tentaflow-addon-notes; tentaflow-core,"Ujednolicono deklaracje wersji. Pozostaje: fjall jest magazynem klucz–wartość, SQLite lokalną bazą relacyjną, Cozo silnikiem grafowym, Milvus klientem zewnętrznego serwisu."
rustc-hash,2.1.2,"Bufory, reprezentacja danych i kolekcje",tentaflow-bus; tentaflow-core,Pozostaje: osobna rola w podanych odbiorcach; wersja i źródło są zarządzane centralnie.
rustfft,6.2,"Przetwarzanie audio, kodeki i transformata Fouriera",forge-whisper; tentaflow-voice,Ujednolicono deklaracje wersji. Pozostaje: osobna rola w podanych odbiorcach; wersja i źródło są zarządzane centralnie.
rustls,0.23.40,"TLS, certyfikaty i uwierzytelnianie JWT",tentaflow; tentaflow-core; tentaflow-desktop-core; tentaflow-mobile,Ujednolicono deklaracje wersji. Pozostaje: osobna rola w podanych odbiorcach; wersja i źródło są zarządzane centralnie.
rustls-pemfile,2.1.3,"TLS, certyfikaty i uwierzytelnianie JWT",tentaflow-core,Pozostaje: osobna rola w podanych odbiorcach; wersja i źródło są zarządzane centralnie.
semver,1.0.28,"Daty, strefy czasowe i identyfikatory",tentaflow-core,Pozostaje: osobna rola w podanych odbiorcach; wersja i źródło są zarządzane centralnie.
serde,1.0.228,Serializacja JSON i abstrakcje serde,forge-cli; forge-formats; forge-kernels; forge-server; forge-tokenize; forge-types; forge-whisper; tentaflow; tentaflow-addon-embeddings-chunker; tentaflow-addon-mcp-core; tentaflow-addon-notes; tentaflow-addon-outlook; tentaflow-addon-rag; tentaflow-addon-sdk; tentaflow-addon-teams; tentaflow-addon-teams-bot; tentaflow-addon-template; tentaflow-coding-agent-bridge; tentaflow-core; tentaflow-hardware; tentaflow-protocol; tentaflow-quantum; tentaflow-sidecar; tentaflow-teams-bot; tentaflow-transport; tentaflow-ui; tentaflow-ui-schema; tentaflow-wrappers; tentanas-helper,Ujednolicono deklaracje wersji. Pozostaje: osobna rola w podanych odbiorcach; wersja i źródło są zarządzane centralnie.
serde_bytes,0.11,Serializacja JSON i abstrakcje serde,tentaflow-core; tentaflow-protocol,Pozostaje: osobna rola w podanych odbiorcach; wersja i źródło są zarządzane centralnie.
serde_json,1.0.150,Serializacja JSON i abstrakcje serde,forge-cli; forge-engine; forge-formats; forge-grammar; forge-hal; forge-kernels; forge-model; forge-server; forge-tokenize; forge-whisper; tentaflow; tentaflow-addon-company-lookup; tentaflow-addon-contacts; tentaflow-addon-deep-research; tentaflow-addon-embeddings-chunker; tentaflow-addon-eureka; tentaflow-addon-go2; tentaflow-addon-malicious; tentaflow-addon-mcp-core; tentaflow-addon-notes; tentaflow-addon-outlook; tentaflow-addon-phone; tentaflow-addon-rag; tentaflow-addon-sdk; tentaflow-addon-sdk-showcase; tentaflow-addon-sharepoint-rag; tentaflow-addon-teams; tentaflow-addon-teams-bot; tentaflow-addon-template; tentaflow-addon-tentavision; tentaflow-coding-agent-bridge; tentaflow-core; tentaflow-hardware; tentaflow-protocol; tentaflow-protocol-wasm; tentaflow-quantum; tentaflow-sidecar; tentaflow-teams-bot; tentaflow-ui-schema; tentaflow-wrappers; tentanas-helper,Ujednolicono deklaracje wersji. Pozostaje: osobna rola w podanych odbiorcach; wersja i źródło są zarządzane centralnie.
serde_yaml_ng,0.10.0,"Konfiguracja i dokumenty TOML, YAML, RON lub plist",tentaflow-core,Pozostaje: osobna rola w podanych odbiorcach; wersja i źródło są zarządzane centralnie.
sha1,0.11.0,Skróty i sumy kontrolne,tentaflow-core,"Pozostaje: poszczególne algorytmy są częścią formatów plików, protokołów lub modeli. Jedna nazwa funkcji skrótu nie pozwala zmieniać algorytmu na drucie."
sha2,0.11.0,Skróty i sumy kontrolne,forge-cli; forge-formats; forge-server; tentaflow; tentaflow-cli; tentaflow-coding-agent-bridge; tentaflow-core,"Ujednolicono deklaracje wersji. Pozostaje: poszczególne algorytmy są częścią formatów plików, protokołów lub modeli. Jedna nazwa funkcji skrótu nie pozwala zmieniać algorytmu na drucie."
sherpa-rs,0.6.8,Natywne silniki mowy i modeli językowych,tentaflow-core,"Pozostaje: backendy mają różne możliwości, wymagania sprzętowe i sposób wdrażania; nie są wymiennymi bibliotekami pomocniczymi."
sherpa-rs-sys,0.6.8,Natywne silniki mowy i modeli językowych,tentaflow-wrappers,"Pozostaje: backendy mają różne możliwości, wymagania sprzętowe i sposób wdrażania; nie są wymiennymi bibliotekami pomocniczymi."
shlex,2.0.1,"Argumenty CLI, procesy i integracja z systemem",tentaflow-core,Pozostaje: osobna rola w podanych odbiorcach; wersja i źródło są zarządzane centralnie.
smallvec,1.15.2,"Bufory, reprezentacja danych i kolekcje",tentaflow-bus; tentaflow-core,Pozostaje: osobna rola w podanych odbiorcach; wersja i źródło są zarządzane centralnie.
smartcore,0.5.0,Modele statystyczne i uczenie maszynowe,tentaflow-core,"Pozostaje: backendy mają różne możliwości, wymagania sprzętowe i sposób wdrażania; nie są wymiennymi bibliotekami pomocniczymi."
subtle,2,Operacje kryptograficzne o stałym czasie i zerowanie sekretów,tentaflow-core,Pozostaje: osobna rola w podanych odbiorcach; wersja i źródło są zarządzane centralnie.
symphonia,0.6.0,"Przetwarzanie audio, kodeki i transformata Fouriera",tentaflow-core,Pozostaje: osobna rola w podanych odbiorcach; wersja i źródło są zarządzane centralnie.
syn,2.0.118,Makra proceduralne i rejestracja implementacji,tentaflow-macros,Pozostaje: osobna rola w podanych odbiorcach; wersja i źródło są zarządzane centralnie.
sysinfo,0.39.5,"Argumenty CLI, procesy i integracja z systemem",tentaflow-core,Pozostaje: osobna rola w podanych odbiorcach; wersja i źródło są zarządzane centralnie.
tar,0.4.46,Archiwa i kompresja,tentaflow; tentaflow-core,"Pozostaje: formaty kompresji mają różnych odbiorców; LZ4 jest używany na ścieżce danych, archiwa i Zstandard w zasobach oraz cache."
tempfile,3.27.0,Mapowanie pamięci i operacje plikowe,forge-cli; forge-formats; forge-server; tentaflow; tentaflow-cli; tentaflow-coding-agent-bridge; tentaflow-core; tentaflow-zvec,Ujednolicono deklaracje wersji. Pozostaje: osobna rola w podanych odbiorcach; wersja i źródło są zarządzane centralnie.
thiserror,2.0.18,Obsługa błędów aplikacyjnych i typowanych,forge-hal; forge-kernels; forge-types; tentaflow-bus; tentaflow-core; tentaflow-quantum; tentaflow-transport; tentaflow-voice; tentaflow-wrappers; tentaflow-zvec,"Ujednolicono deklaracje wersji. Pozostaje: anyhow przenosi kontekst błędów aplikacji, thiserror definiuje typowane publiczne błędy."
tokenizers,0.23,Pobieranie modeli i tokenizacja,forge-tokenize,Pozostaje: osobna rola w podanych odbiorcach; wersja i źródło są zarządzane centralnie.
tokio,1.52.3,"Środowisko asynchroniczne, strumienie i kanały",forge-cli; forge-server; tentaflow; tentaflow-bus; tentaflow-client-native; tentaflow-coding-agent-bridge; tentaflow-core; tentaflow-desktop-core; tentaflow-hardware; tentaflow-mobile; tentaflow-sidecar; tentaflow-teams-bot; tentaflow-transport; tentaflow-ui,Ujednolicono deklaracje wersji. Pozostaje: osobna rola w podanych odbiorcach; wersja i źródło są zarządzane centralnie.
tokio-rustls,0.26.4,"TLS, certyfikaty i uwierzytelnianie JWT",tentaflow-core,Pozostaje: osobna rola w podanych odbiorcach; wersja i źródło są zarządzane centralnie.
tokio-stream,0.1,"Środowisko asynchroniczne, strumienie i kanały",forge-server,Pozostaje: osobna rola w podanych odbiorcach; wersja i źródło są zarządzane centralnie.
tokio-tungstenite,0.29.0,WebSocket i WebRTC,tentaflow-core; tentaflow-teams-bot,Pozostaje: osobna rola w podanych odbiorcach; wersja i źródło są zarządzane centralnie.
tokio-util,0.7.18,"Środowisko asynchroniczne, strumienie i kanały",tentaflow-core,Pozostaje: osobna rola w podanych odbiorcach; wersja i źródło są zarządzane centralnie.
toml,1.1.2+spec-1.1.0,"Konfiguracja i dokumenty TOML, YAML, RON lub plist",tentaflow-core; tentaflow-sidecar; tentaflow-teams-bot,Pozostaje: osobna rola w podanych odbiorcach; wersja i źródło są zarządzane centralnie.
tower,0.5,Serwer HTTP i warstwy transportu HTTP,tentaflow-coding-agent-bridge,"Pozostaje: to warstwy jednego stosu HTTP, a nie niezależne implementacje tej samej aplikacyjnej funkcji."
tracing,0.1.44,Logi aplikacji i platformowe adaptery logowania,forge-cli; forge-engine; forge-hal; forge-onnx; forge-server; forge-whisper; tentaflow; tentaflow-bus; tentaflow-client-native; tentaflow-core; tentaflow-desktop-core; tentaflow-desktop-macos; tentaflow-mobile; tentaflow-sidecar; tentaflow-teams-bot; tentaflow-transport; tentaflow-voice,"Ujednolicono deklaracje wersji. Pozostaje: log jest fasadą używaną przez część zależności, tracing modeluje zdarzenia i spany, pozostałe pakiety to odbiorniki i adaptery platformowe."
tracing-appender,0.2,Logi aplikacji i platformowe adaptery logowania,tentaflow,"Pozostaje: log jest fasadą używaną przez część zależności, tracing modeluje zdarzenia i spany, pozostałe pakiety to odbiorniki i adaptery platformowe."
tracing-subscriber,0.3.23,Logi aplikacji i platformowe adaptery logowania,forge-cli; forge-engine; tentaflow; tentaflow-client-native; tentaflow-core; tentaflow-desktop-core; tentaflow-mobile; tentaflow-sidecar; tentaflow-teams-bot; tentaflow-transport,"Ujednolicono deklaracje wersji. Pozostaje: log jest fasadą używaną przez część zależności, tracing modeluje zdarzenia i spany, pozostałe pakiety to odbiorniki i adaptery platformowe."
tract-onnx,0.23.3,Inferencja ONNX,tentaflow-core,"Pozostaje: backendy mają różne możliwości, wymagania sprzętowe i sposób wdrażania; nie są wymiennymi bibliotekami pomocniczymi."
tray-icon,0.19,Interfejs natywny i zasobnik systemowy,tentaflow-desktop-core,Pozostaje: osobna rola w podanych odbiorcach; wersja i źródło są zarządzane centralnie.
unicode-normalization,0.1,Wyrażenia regularne i normalizacja tekstu,tentaflow-core,Pozostaje: osobna rola w podanych odbiorcach; wersja i źródło są zarządzane centralnie.
ureq,3.3.0,Klienci HTTP,tentaflow-core,Pozostaje: aplikacja korzysta z obu klientów; istniejący synchroniczny kod ureq omija wcześniejszy problem z zagnieżdżonym runtime reqwest. Migracja wymaga osobnych testów asynchroniczności.
url,2,Adresy URL i kodowanie parametrów,tentaflow-core,Pozostaje: osobna rola w podanych odbiorcach; wersja i źródło są zarządzane centralnie.
urlencoding,2,Adresy URL i kodowanie parametrów,tentaflow-core,Pozostaje: osobna rola w podanych odbiorcach; wersja i źródło są zarządzane centralnie.
uuid,1.23.3,"Daty, strefy czasowe i identyfikatory",tentaflow-client-native; tentaflow-coding-agent-bridge; tentaflow-core; tentaflow-desktop-core; tentaflow-teams-bot,Ujednolicono deklaracje wersji. Pozostaje: osobna rola w podanych odbiorcach; wersja i źródło są zarządzane centralnie.
walkdir,2,Mapowanie pamięci i operacje plikowe,tentaflow-core,Pozostaje: osobna rola w podanych odbiorcach; wersja i źródło są zarządzane centralnie.
wasm-bindgen,=0.2.125,Przeglądarkowe bindingi JavaScript i Web API,tentaflow-protocol-wasm; tentaflow-quantum; tentaflow-voxel-wasm,Pozostaje: osobna rola w podanych odbiorcach; wersja i źródło są zarządzane centralnie.
wasm-bindgen-futures,0.4,Przeglądarkowe bindingi JavaScript i Web API,tentaflow-voxel-wasm,Pozostaje: osobna rola w podanych odbiorcach; wersja i źródło są zarządzane centralnie.
wasm-bindgen-test,=0.3.75,"Testy integracyjne, porównania i fuzzing",tentaflow-quantum,Pozostaje: osobna rola w podanych odbiorcach; wersja i źródło są zarządzane centralnie.
wasmi,1.1.0,Wykonywanie addonów WASM i obsługa WASI,tentaflow-core,"Pozostaje: desktop używa JIT Wasmtime, urządzenia mobilne interpretera wasmi; WASI dostarcza interfejsy systemowe."
wasmtime,46.0.0,Wykonywanie addonów WASM i obsługa WASI,tentaflow-core,"Pozostaje: desktop używa JIT Wasmtime, urządzenia mobilne interpretera wasmi; WASI dostarcza interfejsy systemowe."
wasmtime-wasi,46.0.0,Wykonywanie addonów WASM i obsługa WASI,tentaflow-core,"Pozostaje: desktop używa JIT Wasmtime, urządzenia mobilne interpretera wasmi; WASI dostarcza interfejsy systemowe."
web-sys,0.3,Przeglądarkowe bindingi JavaScript i Web API,tentaflow-protocol-wasm; tentaflow-voxel-wasm,Pozostaje: osobna rola w podanych odbiorcach; wersja i źródło są zarządzane centralnie.
webrtc,0.17.1,WebSocket i WebRTC,tentaflow-hardware,Pozostaje: osobna rola w podanych odbiorcach; wersja i źródło są zarządzane centralnie.
wgpu,29.0.3,Renderowanie GPU i obliczenia CUDA,tentaflow-core; tentaflow-quantum; tentaflow-voxel-wasm,Pozostaje: osobna rola w podanych odbiorcach; wersja i źródło są zarządzane centralnie.
which,8.0.4,"Argumenty CLI, procesy i integracja z systemem",tentaflow-core,Pozostaje: osobna rola w podanych odbiorcach; wersja i źródło są zarządzane centralnie.
whisper-rs-sys,0.15.0,Natywne silniki mowy i modeli językowych,tentaflow-wrappers,"Pozostaje: backendy mają różne możliwości, wymagania sprzętowe i sposób wdrażania; nie są wymiennymi bibliotekami pomocniczymi."
wide,1.5.0,"Obliczenia tensorowe, algebra liniowa i liczby zespolone",tentaflow-voice,"Pozostaje: ndarray, nalgebra, glam i wide mają różne układy danych, API geometrii oraz wektoryzacji. Konsolidacja wymaga zmiany algorytmów i pomiarów."
windows-sys,0.61.2,Granice FFI i generowanie bindingów,tentaflow-core,Pozostaje: osobna rola w podanych odbiorcach; wersja i źródło są zarządzane centralnie.
winreg,0.56.0,Granice FFI i generowanie bindingów,tentaflow-core,Pozostaje: osobna rola w podanych odbiorcach; wersja i źródło są zarządzane centralnie.
winresource,0.1,Granice FFI i generowanie bindingów,tentaflow-desktop-windows,Pozostaje: osobna rola w podanych odbiorcach; wersja i źródło są zarządzane centralnie.
wiremock,0.6,"Testy integracyjne, porównania i fuzzing",tentaflow-core,Pozostaje: osobna rola w podanych odbiorcach; wersja i źródło są zarządzane centralnie.
x25519-dalek,2.0.1,Podpisy i wymiana kluczy,tentaflow-core,Pozostaje: osobna rola w podanych odbiorcach; wersja i źródło są zarządzane centralnie.
x509-parser,0.18,"TLS, certyfikaty i uwierzytelnianie JWT",tentaflow-core,Pozostaje: osobna rola w podanych odbiorcach; wersja i źródło są zarządzane centralnie.
zeroize,1.9.0,Operacje kryptograficzne o stałym czasie i zerowanie sekretów,tentaflow-core; tentaflow-sdk-spec,Pozostaje: osobna rola w podanych odbiorcach; wersja i źródło są zarządzane centralnie.
zip,8.6.0,Archiwa i kompresja,tentaflow-core,"Ujednolicono deklaracje wersji. Pozostaje: formaty kompresji mają różnych odbiorców; LZ4 jest używany na ścieżce danych, archiwa i Zstandard w zasobach oraz cache."
zstd,0.13.3,Archiwa i kompresja,tentaflow-core,"Pozostaje: formaty kompresji mają różnych odbiorców; LZ4 jest używany na ścieżce danych, archiwa i Zstandard w zasobach oraz cache."
